Dataset: Yeast,,,,,,,,,,
Preprocessor,Boosters,Precision,Recall,F1,G-mean,MMCC,Kappa,Weighted Accuracy,PR Score,Balanced Accuracy
standard,LogitBoost,0.695869049176189,0.527681675050096,0.48341292438371,0.591632676076042,0.433928983367091,0.355585661961889,0.527681675050096,0.695869049176189,0.49708070075001
standard,MEBoost,0.783947489005684,0.323457244509876,0.16391486138699,0.183655232641627,0.100860734291132,0.0225997601383648,0.323457244509876,0.783947489005684,0.246461251167133
standard,AdaBoost,0.648505467915173,0.597742608268924,0.5817426607191,0.610640699259731,0.485642093646125,0.465722028129858,0.597742608268924,0.648505467915173,0.53386383592739
standard,RUSBoost,0.714117487522133,0.403642361537098,0.256271068356135,0.260705188155789,0.26671324585572,0.191313181226627,0.403642361537098,0.714117487522133,0.215879610234448
standard,GradientBoostingClassifier,0.657629672392078,0.584943905996537,0.566172233066028,0.606632169782464,0.465813015588063,0.441653167581604,0.584943905996537,0.657629672392078,0.467553238581094
minmax,LogitBoost,0.669017952594392,0.503406534985482,0.455522209080768,0.566016629371021,0.398068127072992,0.320571488386542,0.503406534985482,0.669017952594392,0.455798824326873
minmax,MEBoost,0.744473309382946,0.323458607669134,0.167758340029351,0.341973125631385,0.0902880425220978,0.0225092448901403,0.323458607669134,0.744473309382946,0.214198818259539
minmax,AdaBoost,0.633897549046916,0.584262326367589,0.56543179670737,0.596608686055608,0.468197884133762,0.447850798188938,0.584262326367589,0.633897549046916,0.500355523856986
minmax,RUSBoost,0.713771667520469,0.404987799724641,0.257539855876197,0.270656623781394,0.269065143018709,0.192949907780622,0.404987799724641,0.713771667520469,0.218446455154235
minmax,GradientBoostingClassifier,0.651502717786858,0.575504028135607,0.555274291622529,0.598697963739023,0.454169806365757,0.428425692679644,0.575504028135607,0.651502717786858,0.442034558402916
robust,LogitBoost,0.696635370986367,0.530382093539988,0.486577917223173,0.593615223329322,0.43714239101029,0.35953932866134,0.530382093539988,0.696635370986367,0.500656471384604
robust,MEBoost,0.783149241910367,0.323457244509876,0.165288147093663,0.360965826297593,0.0954990477492812,0.0224599546909376,0.323457244509876,0.783149241910367,0.228868607673161
robust,AdaBoost,0.64649400882515,0.599762810289126,0.584533670093936,0.610705706408279,0.486948358029363,0.469158209771563,0.599762810289126,0.64649400882515,0.537337510642895
robust,RUSBoost,0.713974991043663,0.404315762210499,0.256412904699764,0.260714693198936,0.267953893269683,0.192111674972639,0.404315762210499,0.713974991043663,0.216485670840509
robust,GradientBoostingClassifier,0.655786139071572,0.586294796821112,0.567674261636209,0.606496196426568,0.466022138780092,0.443359392391228,0.586294796821112,0.655786139071572,0.464115026719943
normalizer,LogitBoost,0.720838282072974,0.562056462056462,0.526533013373104,0.628709132513288,0.479818762592418,0.408106516685857,0.562056462056462,0.720838282072974,0.575046875692268
normalizer,MEBoost,0.768327527337549,0.323461333987649,0.170275432055482,0.369477515717982,0.0782279214894612,0.0219374924223233,0.323461333987649,0.768327527337549,0.146217320446711
normalizer,AdaBoost,0.657168993564188,0.59842555105713,0.587079095957944,0.616786800314902,0.488194695896925,0.466756804295381,0.59842555105713,0.657168993564188,0.553969022115301
normalizer,RUSBoost,0.561331005323582,0.38546054335528,0.29299121228871,0.451878383060887,0.236666536492242,0.194078148078523,0.38546054335528,0.561331005323582,0.330272183478371
normalizer,GradientBoostingClassifier,0.672745969792673,0.592362218678008,0.585981575846611,0.620898979909023,0.474179171545682,0.449190080264338,0.592362218678008,0.672745969792673,0.496674012652296
power,LogitBoost,0.683033677733522,0.529033929033929,0.484600836570511,0.588771334980419,0.434142298665374,0.357314268760682,0.529033929033929,0.683033677733522,0.456971636017804
power,MEBoost,0.77377499781025,0.329530119003803,0.173011928821725,0.301849264187971,0.0948246108617892,0.0382280738100552,0.329530119003803,0.77377499781025,0.178793936403044
power,AdaBoost,0.640423943650458,0.593026077236603,0.576964865665701,0.603651139056569,0.477824531107041,0.459583204465544,0.593026077236603,0.640423943650458,0.494803059984894
power,RUSBoost,0.710439789895491,0.400946032524979,0.253801479455918,0.258006591182032,0.263241238098045,0.188608336531853,0.400946032524979,0.710439789895491,0.202608005296177
power,GradientBoostingClassifier,0.648347101296083,0.578203083466241,0.559300180331536,0.597123342895658,0.454845746624126,0.432189690920638,0.578203083466241,0.648347101296083,0.38421193647108
quantile,LogitBoost,0.691390729222464,0.522959691380743,0.47666711740766,0.584292327088232,0.427738202407769,0.348767668593807,0.522959691380743,0.691390729222464,0.4899037539979
quantile,MEBoost,0.688930221176665,0.326832426832426,0.17492741809046,0.331521091504094,0.0876280371537795,0.0288983088161446,0.326832426832426,0.688930221176665,0.207044574653682
quantile,AdaBoost,0.648603606206825,0.597742608268924,0.580938038854258,0.610678377029227,0.486034870701965,0.465781727525012,0.597742608268924,0.648603606206825,0.532101455360455
quantile,RUSBoost,0.714447975741081,0.40364099837784,0.256491138715359,0.261006368728532,0.266692627033561,0.191366854446272,0.40364099837784,0.714447975741081,0.215879610234448
quantile,GradientBoostingClassifier,0.654881544261732,0.582247576984419,0.563410917289166,0.603911476337318,0.46188224574408,0.43791416158848,0.582247576984419,0.654881544261732,0.460774225900753
polynomial,LogitBoost,0.696128195780048,0.576890361100887,0.540261496079939,0.626403258966783,0.492631143212637,0.430929045667445,0.576890361100887,0.696128195780048,0.59456323407422
polynomial,MEBoost,0.683488589503384,0.326153573521994,0.172514141923751,0.26156373467989,0.100574694795356,0.029896644663483,0.326153573521994,0.683488589503384,0.245276601643879
polynomial,AdaBoost,0.634942610659879,0.597074660232555,0.581457543280956,0.607044866895801,0.485767054110374,0.468428209642551,0.597074660232555,0.634942610659879,0.553327977596861
polynomial,RUSBoost,0.699691606443806,0.40835752941016,0.264536659492962,0.278362906037711,0.27518209988746,0.197783445604863,0.40835752941016,0.699691606443806,0.230959824138192
polynomial,GradientBoostingClassifier,0.681180402855471,0.623368639158112,0.611073595214328,0.639689466180167,0.518286142759956,0.498434539989214,0.623368639158112,0.681180402855471,0.554844432811398
kbins,LogitBoost,0.683676008862418,0.428608623345465,0.34976287588138,0.511315767150302,0.302767635369893,0.200720011958738,0.428608623345465,0.683676008862418,0.343442862269374
kbins,MEBoost,0.782945097335077,0.3214329530119,0.16184972368631,0.240254487662362,0.0901353847368148,0.0194688657887841,0.3214329530119,0.782945097335077,0.214145030596643
kbins,AdaBoost,0.615707522595656,0.493293256451151,0.460337942833992,0.53741254187812,0.360084632426447,0.305371883231915,0.493293256451151,0.615707522595656,0.398495423011629
kbins,RUSBoost,0.683710097631484,0.356494772284246,0.250398925258697,0.279602925968578,0.180012643410768,0.13961669976476,0.356494772284246,0.683710097631484,0.329636772943006
kbins,GradientBoostingClassifier,0.643089225357078,0.493286440654861,0.456873247367461,0.528648998368982,0.359644047852893,0.303119027889186,0.493286440654861,0.643089225357078,0.299328303903004
Dataset: Wine,,,,,,,,,,
Preprocessor,Boosters,Precision,Recall,F1,G-mean,MMCC,Kappa,Weighted Accuracy,PR Score,Balanced Accuracy
standard,LogitBoost,0.959754730517442,0.955367231638418,0.955885304745917,0.957548680646111,0.93420392887486,0.932363677506477,0.955367231638418,0.959754730517442,0.959520933977455
standard,MEBoost,0.917718889187815,0.871468926553672,0.873019448970475,0.893315445316442,0.828865734049502,0.806437388507151,0.871468926553672,0.917718889187815,0.878623188405797
standard,AdaBoost,0.983418584825234,0.983333333333333,0.983240203452969,0.983375953342306,0.974878531700611,0.974747474747474,0.983333333333333,0.983418584825234,0.985185185185185
standard,RUSBoost,0.920506941577064,0.90442561205273,0.903338471751102,0.912360860796858,0.865265163461763,0.85601266654393,0.90442561205273,0.920506941577064,0.915257648953301
standard,GradientBoostingClassifier,0.981481481481481,0.977777777777777,0.977777777777777,0.979618671926364,0.968468468468468,0.966442953020134,0.977777777777777,0.981481481481481,0.981481481481481
minmax,LogitBoost,0.941446955430006,0.932768361581921,0.933255912117014,0.937083231783525,0.902492804819524,0.898294272142075,0.932768361581921,0.941446955430006,0.940398550724637
minmax,MEBoost,0.899230562281409,0.86563088512241,0.867623460870316,0.88195536467435,0.811273317581593,0.796415921914293,0.86563088512241,0.899230562281409,0.869223027375201
minmax,AdaBoost,0.983848454636091,0.983239171374764,0.983264450285727,0.9835436693337,0.974835680391417,0.974559765564576,0.983239171374764,0.983848454636091,0.985185185185185
minmax,RUSBoost,0.915338244525682,0.898775894538606,0.896845636006061,0.906978180083504,0.858096840624228,0.847974512235182,0.898775894538606,0.915338244525682,0.913144122383252
minmax,GradientBoostingClassifier,0.976057752667922,0.972128060263653,0.972094585966334,0.974081909812384,0.959987748692002,0.957817222025982,0.972128060263653,0.976057752667922,0.974537037037037
robust,LogitBoost,0.948930996812352,0.944067796610169,0.944579645290416,0.9464863944802,0.91732442002615,0.915217215933983,0.944067796610169,0.948930996812352,0.948842062886685
robust,MEBoost,0.890449336887554,0.86563088512241,0.868572053501461,0.877726109168754,0.805190951971738,0.795767934585639,0.86563088512241,0.890449336887554,0.866464319010085
robust,AdaBoost,0.983835002927724,0.983239171374764,0.983258245742743,0.983536949136045,0.974857332527734,0.974582149630763,0.983239171374764,0.983835002927724,0.984983896940418
robust,RUSBoost,0.917141025216798,0.898775894538606,0.898236793638943,0.907806582053854,0.857419743739411,0.847392570451606,0.898775894538606,0.917141025216798,0.908313204508856
robust,GradientBoostingClassifier,0.965027351807012,0.960828625235404,0.960772925456126,0.962916935702008,0.942965368000856,0.940656081828192,0.960828625235404,0.965027351807012,0.962761674718196
normalizer,LogitBoost,0.967536231884058,0.961111111111111,0.96150699838643,0.964288998890962,0.943068290138391,0.940577249575551,0.961111111111111,0.967536231884058,0.957407407407407
normalizer,MEBoost,0.892139039031694,0.837382297551789,0.840870478161822,0.863732094483811,0.777664865956441,0.753056397820637,0.837382297551789,0.892139039031694,0.8323268921095
normalizer,AdaBoost,0.988888888888888,0.988888888888888,0.988888888888888,0.988888888888888,0.983108108108108,0.983108108108108,0.988888888888888,0.988888888888888,0.989814814814814
normalizer,RUSBoost,0.896992524111168,0.887664783427495,0.887012819550114,0.89230366683833,0.833383807141055,0.828787528107405,0.887664783427495,0.896992524111168,0.884550597508263
normalizer,GradientBoostingClassifier,0.994708994708994,0.994444444444444,0.994453093467104,0.994576666218457,0.991705588458791,0.991568296795952,0.994444444444444,0.994708994708994,0.99537037037037
power,LogitBoost,0.96512196215586,0.961016949152542,0.961522693362029,0.963057216076728,0.942638570805761,0.940940505533807,0.961016949152542,0.96512196215586,0.964150563607085
power,MEBoost,0.936531352444723,0.915913370998116,0.917682266359665,0.926049519136053,0.882296619689045,0.872822540230611,0.915913370998116,0.936531352444723,0.920289855072463
power,AdaBoost,0.983418584825234,0.983333333333333,0.983240203452969,0.983375953342306,0.974878531700611,0.974747474747474,0.983333333333333,0.983418584825234,0.985185185185185
power,RUSBoost,0.917141025216798,0.898775894538606,0.898236793638943,0.907806582053854,0.857419743739411,0.847392570451606,0.898775894538606,0.917141025216798,0.908313204508856
power,GradientBoostingClassifier,0.981481481481481,0.977777777777777,0.977777777777777,0.979618671926364,0.968468468468468,0.966442953020134,0.977777777777777,0.981481481481481,0.981481481481481
quantile,LogitBoost,0.957615655449111,0.949623352165725,0.950048157942141,0.953590591315573,0.927717433009955,0.923772267730918,0.949623352165725,0.957615655449111,0.954196330197474
quantile,MEBoost,0.902888426650274,0.87090395480226,0.872245608893,0.886540738326124,0.820871393753578,0.805240322700167,0.87090395480226,0.902888426650274,0.878220611916264
quantile,AdaBoost,0.989215686274509,0.988888888888888,0.988901838901838,0.989052204764318,0.983270322322317,0.983136593591905,0.988888888888888,0.989215686274509,0.989814814814814
quantile,RUSBoost,0.917141025216798,0.898775894538606,0.898236793638943,0.907806582053854,0.857419743739411,0.847392570451606,0.898775894538606,0.917141025216798,0.908313204508856
quantile,GradientBoostingClassifier,0.976100798134696,0.972128060263653,0.972134184618682,0.974103416298091,0.960055478673886,0.957888509058991,0.972128060263653,0.976100798134696,0.976650563607085
polynomial,LogitBoost,0.977777777777777,0.972222222222222,0.972839506172839,0.974974974974975,0.960198626273643,0.957841483979764,0.972222222222222,0.977777777777777,0.972222222222222
polynomial,MEBoost,0.95232385317131,0.944067796610169,0.944567818801876,0.948147016062308,0.919434686846235,0.915424269619444,0.944067796610169,0.95232385317131,0.950060386473429
polynomial,AdaBoost,0.98948023653906,0.988888888888888,0.988799268756851,0.989184291649912,0.983595035731918,0.983193277310924,0.988888888888888,0.98948023653906,0.99074074074074
polynomial,RUSBoost,0.927377895174505,0.921563088512241,0.921335055537716,0.924455812665192,0.88394874196733,0.880797331790057,0.921563088512241,0.927377895174505,0.923208534621578
polynomial,GradientBoostingClassifier,0.977777777777777,0.972222222222222,0.972150445018662,0.974974974974975,0.961208163955117,0.958123953098827,0.972222222222222,0.977777777777777,0.976851851851851
kbins,LogitBoost,0.955526582645226,0.944067796610169,0.944881964221655,0.949737159321689,0.92091215212166,0.915476395342167,0.944067796610169,0.955526582645226,0.948470209339774
kbins,MEBoost,0.877893713698071,0.781638418079096,0.778799617882955,0.825152611423011,0.719627039729748,0.672113543554857,0.781638418079096,0.877893713698071,0.792169887278583
kbins,AdaBoost,0.972902144936043,0.972128060263653,0.971915643095793,0.972514842596472,0.958422737738565,0.957775522368823,0.972128060263653,0.972902144936043,0.97433574879227
kbins,RUSBoost,0.844676414649077,0.775423728813559,0.778810444736803,0.808553542436215,0.690378760372923,0.659642341514704,0.775423728813559,0.844676414649077,0.774114331723027
kbins,GradientBoostingClassifier,0.969174426654161,0.966478342749529,0.966499269401948,0.967823334808468,0.950624215188696,0.949186595813987,0.966478342749529,0.969174426654161,0.969504830917874
Dataset: Vertebral_Column,,,,,,,,,,
Preprocessor,Boosters,Precision,Recall,F1,G-mean,MMCC,Kappa,Weighted Accuracy,PR Score,Balanced Accuracy
standard,LogitBoost,0.871136872812933,0.848581030619865,0.848660213261588,0.859556056441131,0.770682377634397,0.761898934840509,0.848581030619865,0.871136872812933,0.825183204594969
standard,MEBoost,0.868147997802247,0.654810804082648,0.571236780808754,0.594996938615642,0.582658301905503,0.484788119476751,0.654810804082648,0.868147997802247,0.651111111111111
standard,AdaBoost,0.872568533518869,0.861339307941249,0.861515284991873,0.866912231840542,0.784296067471453,0.779422641474828,0.861339307941249,0.872568533518869,0.828059021588433
standard,RUSBoost,0.803819553189268,0.735499128703012,0.731639286893201,0.767794862361206,0.628947903232758,0.596919595116035,0.735499128703012,0.803819553189268,0.726692414339473
standard,GradientBoostingClassifier,0.861128259176813,0.858103061986557,0.856293209735138,0.859597270225663,0.774993337971249,0.772064272881112,0.858103061986557,0.861128259176813,0.810118835412953
minmax,LogitBoost,0.801140257695291,0.757966143888473,0.734173242333668,0.778722815222299,0.623753977741101,0.585748408655502,0.757966143888473,0.801140257695291,0.706833036244801
minmax,MEBoost,0.682491853802884,0.6998070699527,0.669393518301597,0.690528230857758,0.507467017020953,0.489005608007492,0.6998070699527,0.682491853802884,0.607284610814022
minmax,AdaBoost,0.807440011649331,0.78690565098332,0.761999208436333,0.796874869858466,0.657492571629488,0.628201049945196,0.78690565098332,0.807440011649331,0.73529807882749
minmax,RUSBoost,0.742099408910479,0.696664177246701,0.679611620874962,0.718241391193983,0.54593838948534,0.511613749148609,0.696664177246701,0.742099408910479,0.667635175282234
minmax,GradientBoostingClassifier,0.791348366413994,0.777196913119243,0.750910971791964,0.783980634914936,0.638513006243838,0.610732191674959,0.777196913119243,0.791348366413994,0.705102000396118
robust,LogitBoost,0.886145614015402,0.861526014438635,0.861377843803469,0.873521774347589,0.792544463188213,0.782674417873905,0.861526014438635,0.886145614015402,0.845216874628639
robust,MEBoost,0.774801659931842,0.774240726910629,0.772692284497023,0.774486642286405,0.640010844051569,0.638169273417014,0.774240726910629,0.774801659931842,0.695668449197861
robust,AdaBoost,0.882649913388777,0.867811799850634,0.86870318593738,0.875151239143486,0.79616628525464,0.790313033007192,0.867811799850634,0.882649913388777,0.84469201822143
robust,RUSBoost,0.79871420112294,0.72575927308937,0.723862891134381,0.760302130094118,0.615228368811118,0.582638866477882,0.72575927308937,0.79871420112294,0.718880966528025
robust,GradientBoostingClassifier,0.892352006662697,0.883993029624097,0.882149156211147,0.888120248331479,0.818114814037801,0.813269022368341,0.883993029624097,0.892352006662697,0.845809071103188
normalizer,LogitBoost,0.901624239024296,0.887571570823998,0.887421280764182,0.894408664025516,0.829823850208288,0.823867677019902,0.887571570823998,0.901624239024296,0.865585264408793
normalizer,MEBoost,0.804876744075773,0.7840428180234,0.789721502650086,0.794301245000678,0.664265847746981,0.659791142509051,0.7840428180234,0.804876744075773,0.735761536938007
normalizer,AdaBoost,0.867421940337619,0.867967388598456,0.86639507327113,0.867687065258125,0.788628934439105,0.787515235098913,0.867967388598456,0.867421940337619,0.820417904535551
normalizer,RUSBoost,0.870070161583385,0.65160567587752,0.570148588544091,0.594903424975331,0.580375136986095,0.481399266639488,0.65160567587752,0.870070161583385,0.648888888888889
normalizer,GradientBoostingClassifier,0.851851896213532,0.851848394324122,0.849222668009657,0.851838861338714,0.763914439984687,0.761606184938533,0.851848394324122,0.851851896213532,0.800449593979005
power,LogitBoost,0.893376779251517,0.86799850634802,0.867547048615812,0.88036461883233,0.80337654703483,0.792916654262091,0.86799850634802,0.893376779251517,0.854139433551198
power,MEBoost,0.872294964551901,0.683905899925317,0.62773200610375,0.766519134781398,0.610506615141889,0.525642993474448,0.683905899925317,0.872294964551901,0.681315111903347
power,AdaBoost,0.88370838491762,0.871048045805327,0.871046751092139,0.877322022807543,0.800489622775546,0.794889270840469,0.871048045805327,0.88370838491762,0.842537136066547
power,RUSBoost,0.804763606846233,0.73870425690814,0.734042071983637,0.769974507542729,0.632910291130331,0.60125771207256,0.73870425690814,0.804763606846233,0.728914636561695
power,GradientBoostingClassifier,0.869783490044967,0.867811799850634,0.865807056130893,0.868785045412967,0.789970999619783,0.787351818461701,0.867811799850634,0.869783490044967,0.822408397702515
quantile,LogitBoost,0.890856414773782,0.861526014438635,0.861077985134118,0.875827106694526,0.795055603150826,0.782857926845218,0.861526014438635,0.890856414773782,0.848550207961972
quantile,MEBoost,0.785124886592555,0.748537465770475,0.748638021612433,0.766337102477773,0.624657622235467,0.608300941436814,0.748537465770475,0.785124886592555,0.709413745296098
quantile,AdaBoost,0.89377567887363,0.877520537714712,0.87821836968246,0.885542529897126,0.812782122552307,0.806164769696925,0.877520537714712,0.89377567887363,0.862503466032877
quantile,RUSBoost,0.793707518952571,0.725821508588498,0.72344462688007,0.757966249114202,0.613492475677975,0.58247338604263,0.725821508588498,0.793707518952571,0.716692414339473
quantile,GradientBoostingClassifier,0.869383745837497,0.867811799850634,0.866708386966335,0.868583275657224,0.789512558652464,0.787587560508293,0.867811799850634,0.869383745837497,0.823553178847296
polynomial,LogitBoost,0.934658454850955,0.926188698033358,0.927051393069276,0.930360324263168,0.886588220376509,0.883763867205264,0.926188698033358,0.934658454850955,0.916337888690829
polynomial,MEBoost,0.869461565505844,0.664519541946726,0.582330544637797,0.651556080124526,0.593347075466101,0.497570425585029,0.664519541946726,0.869461565505844,0.658922558922558
polynomial,AdaBoost,0.915540959939463,0.913274831964152,0.913050234181808,0.914405585306033,0.862877253197011,0.861698806127339,0.913274831964152,0.915540959939463,0.895159437512378
polynomial,RUSBoost,0.849100507104838,0.803366940502862,0.811477544381671,0.825395102854214,0.709420659282905,0.695928632033309,0.803366940502862,0.849100507104838,0.792331154684095
polynomial,GradientBoostingClassifier,0.905492218175589,0.906708986806074,0.905096207917753,0.9060955210959,0.850647192075783,0.849735582228218,0.906708986806074,0.905492218175589,0.874997029114676
kbins,LogitBoost,0.741431781376347,0.645537714712472,0.632295941529514,0.688604885578837,0.510934856565335,0.467915828988137,0.645537714712472,0.741431781376347,0.641624083977025
kbins,MEBoost,0.807614318345028,0.426282051282051,0.376869987609161,0.486756794341776,0.321217210449314,0.245453287908572,0.426282051282051,0.807614318345028,0.491548821548821
kbins,AdaBoost,0.769594525977655,0.732387353746577,0.729585639209651,0.75034761843159,0.596238079587852,0.580492264234725,0.732387353746577,0.769594525977655,0.709801940978411
kbins,RUSBoost,0.685248574605122,0.593695543938262,0.601693776337968,0.63561088179834,0.409475094690173,0.384663582386161,0.593695543938262,0.685248574605122,0.612366805307981
kbins,GradientBoostingClassifier,0.751537432354663,0.735654717450834,0.735637143450107,0.743177682269358,0.588583398129121,0.580870181407765,0.735654717450834,0.751537432354663,0.703370964547435
Dataset: Thyroid_Disease,,,,,,,,,,
Preprocessor,Boosters,Precision,Recall,F1,G-mean,MMCC,Kappa,Weighted Accuracy,PR Score,Balanced Accuracy
standard,LogitBoost,0.952780922394902,0.948943661971831,0.946501005810528,0.950857143468398,0.890332808596728,0.883343600794734,0.948943661971831,0.952780922394902,0.885353535353535
standard,MEBoost,0.938683169689578,0.93498956703182,0.932932041041589,0.936831376272936,0.859532186643565,0.853324023600745,0.93498956703182,0.938683169689578,0.878518518518518
standard,AdaBoost,0.965388846222869,0.96283255086072,0.961282178497933,0.964107034584325,0.920082630873177,0.915420288276171,0.96283255086072,0.965388846222869,0.918686868686868
standard,RUSBoost,0.846451692549395,0.818596765779864,0.757012614300471,0.758663156057898,0.58326041709938,0.531258770156166,0.818596765779864,0.846451692549395,0.61063973063973
standard,GradientBoostingClassifier,0.960605860430911,0.958072509128847,0.956527626484481,0.959337069355602,0.909666358509784,0.904947990482974,0.958072509128847,0.960605860430911,0.91043771043771
minmax,LogitBoost,0.965055833117142,0.962767344809598,0.961630069057588,0.963908005332234,0.919293244456388,0.915397365354814,0.962767344809598,0.965055833117142,0.924713804713804
minmax,MEBoost,0.915604564763709,0.911711006781429,0.906008546112505,0.913643018894591,0.806307272657162,0.798210780713335,0.911711006781429,0.915604564763709,0.838888888888888
minmax,AdaBoost,0.978956228956228,0.976851851851851,0.975756632619377,0.977900483309543,0.950240857723355,0.946524064171123,0.976851851851851,0.978956228956228,0.948148148148148
minmax,RUSBoost,0.84997163698464,0.823226395409493,0.761487280007021,0.762678897357396,0.596022005857041,0.545926455412087,0.823226395409493,0.84997163698464,0.619898989898989
minmax,GradientBoostingClassifier,0.977755641975887,0.97678664580073,0.976268171682935,0.977270648076948,0.950360174538423,0.948647142309961,0.97678664580073,0.977755641975887,0.95
robust,LogitBoost,0.970149343941114,0.967527386541471,0.966442512655781,0.968834663397701,0.930579549584952,0.926504141978223,0.967527386541471,0.970149343941114,0.936666666666666
robust,MEBoost,0.915866048346194,0.911711006781429,0.905545331898791,0.913773590963455,0.805725122066978,0.796534036863904,0.911711006781429,0.915866048346194,0.831851851851852
robust,AdaBoost,0.97441737637816,0.972222222222222,0.971049277825927,0.973316235939157,0.940426535558926,0.936532390565794,0.972222222222222,0.97441737637816,0.938888888888888
robust,RUSBoost,0.846451692549395,0.818596765779864,0.757012614300471,0.758663156057898,0.58326041709938,0.531258770156166,0.818596765779864,0.846451692549395,0.61063973063973
robust,GradientBoostingClassifier,0.973391360650822,0.9721570161711,0.971386168847812,0.972773601083228,0.940580795551748,0.938334247387371,0.9721570161711,0.973391360650822,0.94074074074074
normalizer,LogitBoost,0.982853223593964,0.981481481481481,0.980511472519145,0.982165861513687,0.960435855559122,0.957931638913234,0.981481481481481,0.982853223593964,0.957407407407407
normalizer,MEBoost,0.944559589003003,0.939684402712571,0.933928991023845,0.942108596518105,0.87018052577887,0.860485253580257,0.939684402712571,0.944559589003003,0.868148148148148
normalizer,AdaBoost,0.978956228956228,0.976851851851851,0.974987539299133,0.977900483309543,0.950505239595661,0.946476360392506,0.976851851851851,0.978956228956228,0.946296296296296
normalizer,RUSBoost,0.93209226385024,0.925599895670318,0.921818747115578,0.928834121290723,0.841673234650404,0.836498119573294,0.925599895670318,0.93209226385024,0.875555555555555
normalizer,GradientBoostingClassifier,0.991096866096866,0.99074074074074,0.990609041311244,0.990918705635894,0.98026122217917,0.979678238780694,0.99074074074074,0.991096866096866,0.979629629629629
power,LogitBoost,0.97441737637816,0.972222222222222,0.971049277825927,0.973316235939157,0.940426535558926,0.936532390565794,0.972222222222222,0.97441737637816,0.938888888888888
power,MEBoost,0.957206672471025,0.953638497652582,0.951863818516584,0.955417530497703,0.900365663816183,0.894112423569326,0.953638497652582,0.957206672471025,0.896296296296296
power,AdaBoost,0.97441737637816,0.972222222222222,0.971049277825927,0.973316235939157,0.940426535558926,0.936532390565794,0.972222222222222,0.97441737637816,0.938888888888888
power,RUSBoost,0.846451692549395,0.818596765779864,0.757012614300471,0.758663156057898,0.58326041709938,0.531258770156166,0.818596765779864,0.846451692549395,0.61063973063973
power,GradientBoostingClassifier,0.973391360650822,0.9721570161711,0.971386168847812,0.972773601083228,0.940580795551748,0.938334247387371,0.9721570161711,0.973391360650822,0.94074074074074
quantile,LogitBoost,0.965454508260362,0.96283255086072,0.961659606464424,0.964139825711277,0.920167914869271,0.916138882020626,0.96283255086072,0.965454508260362,0.926565656565656
quantile,MEBoost,0.880281992751655,0.865219092331768,0.854950644336751,0.872678017074281,0.700718510659404,0.682798478042498,0.865219092331768,0.880281992751655,0.768114478114478
quantile,AdaBoost,0.97441737637816,0.972222222222222,0.971049277825927,0.973316235939157,0.940426535558926,0.936532390565794,0.972222222222222,0.97441737637816,0.938888888888888
quantile,RUSBoost,0.849289753516731,0.823291601460615,0.761441660409414,0.762313638778507,0.597355121622888,0.551869332427561,0.823291601460615,0.849289753516731,0.627777777777777
quantile,GradientBoostingClassifier,0.977755641975887,0.97678664580073,0.976268171682935,0.977270648076948,0.950360174538423,0.948647142309961,0.97678664580073,0.977755641975887,0.95
polynomial,LogitBoost,0.978956228956228,0.976851851851851,0.975756632619377,0.977900483309543,0.950240857723355,0.946524064171123,0.976851851851851,0.978956228956228,0.948148148148148
polynomial,MEBoost,0.962095687331536,0.958333333333333,0.956489161124808,0.960206815139941,0.910362362265868,0.90371572947634,0.958333333333333,0.962095687331536,0.907407407407407
polynomial,AdaBoost,0.991096866096866,0.99074074074074,0.990609041311244,0.990918705635894,0.98026122217917,0.979678238780694,0.99074074074074,0.991096866096866,0.979629629629629
polynomial,RUSBoost,0.870899496382486,0.860328638497652,0.845949242762031,0.865570558669102,0.682942831166948,0.64975448439958,0.860328638497652,0.870899496382486,0.713737373737373
polynomial,GradientBoostingClassifier,0.982358422055055,0.981481481481481,0.981063313910279,0.981919462402476,0.960546285250334,0.959027259269025,0.981481481481481,0.982358422055055,0.961111111111111
kbins,LogitBoost,0.925761400532149,0.92103547209181,0.917972655722776,0.923384854176959,0.828196846250826,0.818674922537818,0.92103547209181,0.925761400532149,0.852760942760942
kbins,MEBoost,0.912902346233499,0.907081377151799,0.90270561203922,0.909976062598774,0.797250116496321,0.786758759559277,0.907081377151799,0.912902346233499,0.833030303030303
kbins,AdaBoost,0.93939732672127,0.934924360980699,0.932358616881725,0.937152675475693,0.85913774161114,0.851983594310828,0.934924360980699,0.93939732672127,0.877205387205387
kbins,RUSBoost,0.88069722041849,0.799947835159102,0.803371617969409,0.838084068340983,0.629446653651924,0.604099615424904,0.799947835159102,0.88069722041849,0.72063973063973
kbins,GradientBoostingClassifier,0.942779498340807,0.93961919666145,0.93780534542964,0.941192108871251,0.870039360188571,0.864343870567304,0.93961919666145,0.942779498340807,0.894343434343434
Dataset: Pen-Based_Recognition_of_Handwritten_Digits,,,,,,,,,,
Preprocessor,Boosters,Precision,Recall,F1,G-mean,MMCC,Kappa,Weighted Accuracy,PR Score,Balanced Accuracy
standard,LogitBoost,0.947243235826396,0.905294759825327,0.9156024880823,0.925649916836575,0.899722013997764,0.894706261840644,0.905294759825327,0.947243235826396,0.905168439855321
standard,MEBoost,0.792845113971744,0.12509097525473,0.0704564485443102,0.150108436950456,0.0572749810037856,0.0240846313619368,0.12509097525473,0.792845113971744,0.123507211474731
standard,AdaBoost,0.923239315529975,0.907842066957787,0.910956408293752,0.915452719765636,0.899159778873175,0.897550121709641,0.907842066957787,0.923239315529975,0.907376693489001
standard,RUSBoost,0.523344964837392,0.481622998544395,0.3871413533439,0.501582857718324,0.44033454259192,0.4225652068283,0.481622998544395,0.523344964837392,0.471996555526249
standard,GradientBoostingClassifier,0.879654254066339,0.775655021834061,0.800131011957208,0.824303832817802,0.765550485576414,0.750426394509931,0.775655021834061,0.879654254066339,0.773875437001811
minmax,LogitBoost,0.947521813460985,0.905840611353711,0.916089764508661,0.926065491305243,0.900295502141094,0.895313150463551,0.905840611353711,0.947521813460985,0.905715537539886
minmax,MEBoost,0.844337029295675,0.133733624454148,0.05334686825328,0.135190958972019,0.0802685797782614,0.0338276759883182,0.133733624454148,0.844337029295675,0.131069706758683
minmax,AdaBoost,0.923803853168307,0.908660844250363,0.911714362863112,0.916145777590638,0.900044216720623,0.898460402978001,0.908660844250363,0.923803853168307,0.90818598857323
minmax,RUSBoost,0.523641305192184,0.482077874818049,0.387875925657223,0.501965885712457,0.44083344472799,0.423072492386896,0.482077874818049,0.523641305192184,0.472441939012107
minmax,GradientBoostingClassifier,0.879571636514762,0.775745997088791,0.800147193571198,0.824320923860988,0.765621380674137,0.750528003310685,0.775745997088791,0.879571636514762,0.773963384123604
robust,LogitBoost,0.945430734931966,0.901200873362445,0.912130356781727,0.922663840559744,0.895436605032765,0.890153541888462,0.901200873362445,0.945430734931966,0.901035118246331
robust,MEBoost,0.845388583224269,0.133733624454148,0.053556902622741,0.135741473184678,0.0802897668500456,0.0338269269078795,0.133733624454148,0.845388583224269,0.131069976550619
robust,AdaBoost,0.921591490152096,0.905749636098981,0.908877096057058,0.913580945892767,0.896899866356136,0.895223454709391,0.905749636098981,0.921591490152096,0.905267814090527
robust,RUSBoost,0.522672312319334,0.482350800582241,0.387820392916386,0.501648022387283,0.441174480920003,0.423382427882436,0.482350800582241,0.522672312319334,0.472718321989053
robust,GradientBoostingClassifier,0.878592179255215,0.77301673944687,0.797738649926881,0.822360887925981,0.762939238147785,0.74748929538649,0.77301673944687,0.878592179255215,0.771241975743434
normalizer,LogitBoost,0.947126843624199,0.901564774381368,0.912712565317798,0.923613654645456,0.89610528628042,0.890555795431731,0.901564774381368,0.947126843624199,0.901283356855201
normalizer,MEBoost,0.805667052693733,0.133460698689956,0.0597650156709623,0.148197595735634,0.0844570362594537,0.0336884412808791,0.133460698689956,0.805667052693733,0.131687220138663
normalizer,AdaBoost,0.927924951078208,0.908569868995633,0.912600710040601,0.918095305544751,0.900503828859057,0.898358480863017,0.908569868995633,0.927924951078208,0.907981374520797
normalizer,RUSBoost,0.652330089898241,0.492812954876273,0.426614187575665,0.508080124875388,0.462160725822564,0.434742264666686,0.492812954876273,0.652330089898241,0.484372974691532
normalizer,GradientBoostingClassifier,0.87702726318271,0.761280931586608,0.790009260025725,0.814935414736961,0.752161751706166,0.734427142011212,0.761280931586608,0.87702726318271,0.75952746260946
power,LogitBoost,0.946480464930695,0.903657205240174,0.914147597447208,0.924439728897971,0.898009385508634,0.892885280402854,0.903657205240174,0.946480464930695,0.903506021905036
power,MEBoost,0.854659619888682,0.157660116448326,0.106175187958813,0.192079662406303,0.154760544499963,0.0604897887610731,0.157660116448326,0.854659619888682,0.156250448236996
power,AdaBoost,0.922609889615628,0.907023289665211,0.910148903046357,0.914727801504537,0.898278773969681,0.896639754310679,0.907023289665211,0.922609889615628,0.906545235103409
power,RUSBoost,0.524904678970984,0.481895924308588,0.387601355923149,0.502439025479978,0.440656912335809,0.422869288486174,0.481895924308588,0.524904678970984,0.472288703274537
power,GradientBoostingClassifier,0.879994474386661,0.77556404657933,0.800085365691992,0.824404570608238,0.76553199545025,0.750325192792292,0.77556404657933,0.879994474386661,0.773780200448241
quantile,LogitBoost,0.946614425853581,0.904112081513828,0.914541388322635,0.924737642769089,0.898474559811909,0.893391016430059,0.904112081513828,0.946614425853581,0.903958152827967
quantile,MEBoost,0.791833745958994,0.169577874818049,0.117882384065408,0.203517824368754,0.159523748886402,0.0737861673999287,0.169577874818049,0.791833745958994,0.16835494812857
quantile,AdaBoost,0.922486325474874,0.906750363901018,0.909898118677058,0.914528607051159,0.897994083287817,0.896336013971377,0.906750363901018,0.922486325474874,0.906260915165355
quantile,RUSBoost,0.522705161731524,0.480349344978165,0.385883800024602,0.500598295771639,0.43885754732062,0.421147110927171,0.480349344978165,0.522705161731524,0.470778495626741
quantile,GradientBoostingClassifier,0.878844517590492,0.775291120815138,0.799584820191824,0.823740845222357,0.765074405493726,0.750021396299822,0.775291120815138,0.878844517590492,0.773488402812421
polynomial,LogitBoost,0.962536506317044,0.941775836972343,0.946803917702079,0.951964523138125,0.937493568204793,0.935276922996606,0.941775836972343,0.962536506317044,0.941895463570542
polynomial,MEBoost,0.894086181241975,0.260189228529839,0.229751399050323,0.311170072287544,0.305149698781171,0.175412362281142,0.260189228529839,0.894086181241975,0.261399943560376
polynomial,AdaBoost,0.970903426417636,0.967339883551674,0.9680455383414,0.969114532761068,0.964029788577365,0.963700115799324,0.967339883551674,0.970903426417636,0.967354442697132
polynomial,RUSBoost,0.629871441086006,0.532842066957787,0.490516390343851,0.57729463917348,0.493947828934013,0.479916796179904,0.532842066957787,0.629871441086006,0.527286603380628
polynomial,GradientBoostingClassifier,0.91564785869835,0.869632459970887,0.881002184124396,0.891987640889147,0.860489766576857,0.855052497043555,0.869632459970887,0.91564785869835,0.869647009956412
Dataset: Hayes_Roth,,,,,,,,,,
Preprocessor,Boosters,Precision,Recall,F1,G-mean,MMCC,Kappa,Weighted Accuracy,PR Score,Balanced Accuracy
standard,LogitBoost,0.91272155017565,0.892882311486962,0.891040368863196,0.902635914299442,0.848419635970427,0.835655879506146,0.892882311486962,0.91272155017565,0.908496732026143
standard,MEBoost,0.789897271331026,0.595665961945031,0.55250589633201,0.677925657767284,0.457232571662301,0.354024570881563,0.595665961945031,0.789897271331026,0.552941176470588
standard,AdaBoost,0.90172112939302,0.862403100775193,0.856508407646192,0.881482556467106,0.815025193329535,0.788902469283292,0.862403100775193,0.90172112939302,0.88235294117647
standard,RUSBoost,0.60923577779241,0.519027484143763,0.489347300663877,0.560399515258718,0.249994690784791,0.225502370941619,0.519027484143763,0.60923577779241,0.478104575163398
standard,GradientBoostingClassifier,0.884360148895032,0.877730796335447,0.877555763969472,0.881019219642982,0.815577271842586,0.811829351835601,0.877730796335447,0.884360148895032,0.890441176470588
minmax,LogitBoost,0.91272155017565,0.892882311486962,0.891040368863196,0.902635914299442,0.848419635970427,0.835655879506146,0.892882311486962,0.91272155017565,0.908496732026143
minmax,MEBoost,0.79972460688634,0.618569415081043,0.579124819064683,0.696984447098119,0.484365779241586,0.388106881990582,0.618569415081043,0.79972460688634,0.563398692810457
minmax,AdaBoost,0.90172112939302,0.862403100775193,0.856508407646192,0.881482556467106,0.815025193329535,0.788902469283292,0.862403100775193,0.90172112939302,0.88235294117647
minmax,RUSBoost,0.60923577779241,0.519027484143763,0.489347300663877,0.560399515258718,0.249994690784791,0.225502370941619,0.519027484143763,0.60923577779241,0.478104575163398
minmax,GradientBoostingClassifier,0.884360148895032,0.877730796335447,0.877555763969472,0.881019219642982,0.815577271842586,0.811829351835601,0.877730796335447,0.884360148895032,0.890441176470588
robust,LogitBoost,0.91272155017565,0.892882311486962,0.891040368863196,0.902635914299442,0.848419635970427,0.835655879506146,0.892882311486962,0.91272155017565,0.908496732026143
robust,MEBoost,0.79972460688634,0.618569415081043,0.579124819064683,0.696984447098119,0.484365779241586,0.388106881990582,0.618569415081043,0.79972460688634,0.563398692810457
robust,AdaBoost,0.90172112939302,0.862403100775193,0.856508407646192,0.881482556467106,0.815025193329535,0.788902469283292,0.862403100775193,0.90172112939302,0.88235294117647
robust,RUSBoost,0.60923577779241,0.519027484143763,0.489347300663877,0.560399515258718,0.249994690784791,0.225502370941619,0.519027484143763,0.60923577779241,0.478104575163398
robust,GradientBoostingClassifier,0.884360148895032,0.877730796335447,0.877555763969472,0.881019219642982,0.815577271842586,0.811829351835601,0.877730796335447,0.884360148895032,0.890441176470588
normalizer,LogitBoost,0.877096197299685,0.854651162790697,0.85248566979508,0.865637475249234,0.790669328607137,0.776413005750869,0.854651162790697,0.877096197299685,0.870016339869281
normalizer,MEBoost,0.74813815060908,0.542283298097251,0.49045306878699,0.626784052014153,0.360935475440257,0.265188189888042,0.542283298097251,0.74813815060908,0.497222222222222
normalizer,AdaBoost,0.88588025516575,0.862403100775193,0.859146314195608,0.873887242292171,0.801180428869882,0.786547970166582,0.862403100775193,0.88588025516575,0.865767973856209
normalizer,RUSBoost,0.710747157470201,0.6261451726568,0.616929129399449,0.665224436088902,0.442023167256274,0.40620449560559,0.6261451726568,0.710747157470201,0.607026143790849
normalizer,GradientBoostingClassifier,0.89627500783024,0.877554615926709,0.87481079527488,0.886690979568389,0.822320600342252,0.810463634769529,0.877554615926709,0.89627500783024,0.883415032679738
power,LogitBoost,0.91272155017565,0.892882311486962,0.891040368863196,0.902635914299442,0.848419635970427,0.835655879506146,0.892882311486962,0.91272155017565,0.908496732026143
power,MEBoost,0.789897271331026,0.595665961945031,0.55250589633201,0.677925657767284,0.457232571662301,0.354024570881563,0.595665961945031,0.789897271331026,0.552941176470588
power,AdaBoost,0.90172112939302,0.862403100775193,0.856508407646192,0.881482556467106,0.815025193329535,0.788902469283292,0.862403100775193,0.90172112939302,0.88235294117647
power,RUSBoost,0.60923577779241,0.519027484143763,0.489347300663877,0.560399515258718,0.249994690784791,0.225502370941619,0.519027484143763,0.60923577779241,0.478104575163398
power,GradientBoostingClassifier,0.884360148895032,0.877730796335447,0.877555763969472,0.881019219642982,0.815577271842586,0.811829351835601,0.877730796335447,0.884360148895032,0.890441176470588
quantile,LogitBoost,0.91272155017565,0.892882311486962,0.891040368863196,0.902635914299442,0.848419635970427,0.835655879506146,0.892882311486962,0.91272155017565,0.908496732026143
quantile,MEBoost,0.79972460688634,0.618569415081043,0.579124819064683,0.696984447098119,0.484365779241586,0.388106881990582,0.618569415081043,0.79972460688634,0.563398692810457
quantile,AdaBoost,0.90172112939302,0.862403100775193,0.856508407646192,0.881482556467106,0.815025193329535,0.788902469283292,0.862403100775193,0.90172112939302,0.88235294117647
quantile,RUSBoost,0.60923577779241,0.519027484143763,0.489347300663877,0.560399515258718,0.249994690784791,0.225502370941619,0.519027484143763,0.60923577779241,0.478104575163398
quantile,GradientBoostingClassifier,0.884360148895032,0.877730796335447,0.877555763969472,0.881019219642982,0.815577271842586,0.811829351835601,0.877730796335447,0.884360148895032,0.890441176470588
polynomial,LogitBoost,0.907298902647739,0.885306553911205,0.883959124939847,0.89612777145748,0.83708207548084,0.823670978820442,0.885306553911205,0.907298902647739,0.897385620915032
polynomial,MEBoost,0.771111569466646,0.427413671599718,0.29268651659586,0.403165249937774,0.216875722802506,0.0842583849390736,0.427413671599718,0.771111569466646,0.399999999999999
polynomial,AdaBoost,0.899733807663135,0.869978858350951,0.866248241781187,0.884497807512104,0.820087240364398,0.800561186824362,0.869978858350951,0.899733807663135,0.888888888888888
polynomial,RUSBoost,0.736193188809467,0.611874559548978,0.585869658024631,0.665340594197922,0.425055862934969,0.376886828449935,0.611874559548978,0.736193188809467,0.573120915032679
polynomial,GradientBoostingClassifier,0.901973785258669,0.892882311486962,0.892154389310496,0.897393789405823,0.841446931633876,0.835538206691303,0.892882311486962,0.901973785258669,0.908088235294117
kbins,LogitBoost,0.895786046816702,0.870155038759689,0.867246115543081,0.88276077638071,0.817684177849965,0.800679726882935,0.870155038759689,0.895786046816702,0.888888888888888
kbins,MEBoost,0.716289799551733,0.534355179704017,0.485787709220207,0.611542394900753,0.336901436376072,0.253284600595289,0.534355179704017,0.716289799551733,0.49109477124183
kbins,AdaBoost,0.90172112939302,0.862403100775193,0.856508407646192,0.881482556467106,0.815025193329535,0.788902469283292,0.862403100775193,0.90172112939302,0.88235294117647
kbins,RUSBoost,0.60923577779241,0.519027484143763,0.489347300663877,0.560399515258718,0.249994690784791,0.225502370941619,0.519027484143763,0.60923577779241,0.478104575163398
kbins,GradientBoostingClassifier,0.884360148895032,0.877730796335447,0.877555763969472,0.881019219642982,0.815577271842586,0.811829351835601,0.877730796335447,0.884360148895032,0.890441176470588
Dataset: Glass_Identification,,,,,,,,,,
Preprocessor,Boosters,Precision,Recall,F1,G-mean,MMCC,Kappa,Weighted Accuracy,PR Score,Balanced Accuracy
standard,LogitBoost,0.837128782732151,0.757563901930099,0.743776782265813,0.78255115158631,0.69577948929491,0.665481788075273,0.757563901930099,0.837128782732151,0.740924996903257
standard,MEBoost,0.786322923467133,0.500326030255607,0.38666694832657,0.505181810440051,0.413842475523007,0.293627815151514,0.500326030255607,0.786322923467133,0.433625356125356
standard,AdaBoost,0.799207971062637,0.757237871674491,0.742791188404947,0.764086605089576,0.677999989498499,0.662525162973303,0.757237871674491,0.799207971062637,0.736192865105908
standard,RUSBoost,0.644651943533468,0.509259259259259,0.445857874771267,0.489254322991075,0.35031040600772,0.31472120966003,0.509259259259259,0.644651943533468,0.37422178867831
standard,GradientBoostingClassifier,0.796575227864351,0.752608242044861,0.72528281732935,0.746159742383386,0.670768566449368,0.652805692717315,0.752608242044861,0.796575227864351,0.683159606094388
minmax,LogitBoost,0.778489162437709,0.67781690140845,0.651472972618931,0.697628379905958,0.589602392995977,0.552872208351501,0.67781690140845,0.778489162437709,0.648046678227837
minmax,MEBoost,0.779674794950915,0.500195618153364,0.401118305254528,0.548938230486293,0.403637496159805,0.283604684440959,0.500195618153364,0.779674794950915,0.357143874643874
minmax,AdaBoost,0.710907674867603,0.644561815336463,0.612203778850156,0.648257916415881,0.538501940690945,0.515535669783587,0.644561815336463,0.710907674867603,0.658239192369627
minmax,RUSBoost,0.554517215577696,0.415362545644235,0.319066147415311,0.38784443312875,0.212878337256757,0.176965239728853,0.415362545644235,0.554517215577696,0.268702774681035
minmax,GradientBoostingClassifier,0.73492372754272,0.663406364110589,0.625547452493017,0.658891999582858,0.559096044726262,0.522091375031109,0.663406364110589,0.73492372754272,0.558577666295057
robust,LogitBoost,0.817175092708038,0.72470005216484,0.703918598583214,0.749114187685643,0.650513232568972,0.617738614318468,0.72470005216484,0.817175092708038,0.660082683017465
robust,MEBoost,0.792651289872731,0.495500782472613,0.397613931393198,0.554299972467171,0.402067397886325,0.276813500716271,0.495500782472613,0.792651289872731,0.350121082621082
robust,AdaBoost,0.829449658035747,0.7947965571205,0.777420234366616,0.79811167998088,0.726149467392289,0.714043130068146,0.7947965571205,0.829449658035747,0.746243651678434
robust,RUSBoost,0.599911277313928,0.504564423578508,0.44070596835708,0.488357396591468,0.345562038104119,0.308237155292703,0.504564423578508,0.599911277313928,0.372085036541558
robust,GradientBoostingClassifier,0.792922824734939,0.743218570683359,0.710477179270629,0.73280740368573,0.659811272740125,0.639097984680732,0.743218570683359,0.792922824734939,0.63890839836492
normalizer,LogitBoost,0.890671380430344,0.842201356285863,0.83349865650644,0.864077004721709,0.799768285198526,0.781625694347327,0.842201356285863,0.890671380430344,0.826529480986002
normalizer,MEBoost,0.780289175259809,0.500260824204486,0.402287437907565,0.563950330706397,0.40706610300813,0.286194777959476,0.500260824204486,0.780289175259809,0.366032763532763
normalizer,AdaBoost,0.825554448793152,0.795252999478351,0.787750298308016,0.809818526512165,0.723510010881877,0.713872845261791,0.795252999478351,0.825554448793152,0.74652235847888
normalizer,RUSBoost,0.617476646073319,0.495239958268127,0.439744592913607,0.480916027021408,0.326996912575813,0.296228371069662,0.495239958268127,0.617476646073319,0.338110677567199
normalizer,GradientBoostingClassifier,0.811937834853555,0.75762910798122,0.734273658175752,0.763369996995975,0.676708972419307,0.657426301269563,0.75762910798122,0.811937834853555,0.668723213179734
power,LogitBoost,0.828917780834108,0.743348982785602,0.715885744811114,0.750499179772059,0.673578497919684,0.642750723810301,0.743348982785602,0.828917780834108,0.655276848755109
power,MEBoost,0.773027051196065,0.495565988523734,0.39454152906815,0.555458310640202,0.408023944379435,0.279752991761787,0.495565988523734,0.773027051196065,0.387798216276477
power,AdaBoost,0.77426624907033,0.748043818466353,0.73283399566332,0.746935451248136,0.658833921084025,0.64909482987543,0.748043818466353,0.77426624907033,0.705080824972129
power,RUSBoost,0.642435334184704,0.509259259259259,0.442683271596664,0.48799634007943,0.3522028500424,0.315117390008054,0.509259259259259,0.642435334184704,0.385973925430447
power,GradientBoostingClassifier,0.743933428479594,0.687271778821074,0.653660006359179,0.673135284007189,0.575006194867873,0.557234689427822,0.687271778821074,0.743933428479594,0.570073702465006
quantile,LogitBoost,0.841911489668958,0.771648408972352,0.757082612192864,0.792159074295608,0.708438867708027,0.68459202938836,0.771648408972352,0.841911489668958,0.739294458895908
quantile,MEBoost,0.769554055860467,0.542318727177882,0.474420273259354,0.606987168740787,0.457124667592307,0.351143802117907,0.542318727177882,0.769554055860467,0.449641500474833
quantile,AdaBoost,0.8188316481299,0.785406885758998,0.774702696805947,0.788108098091325,0.712308998230504,0.701447891762044,0.785406885758998,0.8188316481299,0.764166356992444
quantile,RUSBoost,0.596127027805332,0.499869587897756,0.434741124217897,0.484146753615695,0.339540671730391,0.301819351675314,0.499869587897756,0.596127027805332,0.369948284404806
quantile,GradientBoostingClassifier,0.784181009613671,0.738523735002608,0.710817543740566,0.732741729377029,0.648501150580462,0.631366991611973,0.738523735002608,0.784181009613671,0.635497233576943
polynomial,LogitBoost,0.892187775904156,0.847026604068857,0.833016103009637,0.855393226229207,0.804858293133208,0.790098052285841,0.847026604068857,0.892187775904156,0.833504273504273
polynomial,MEBoost,0.773357993076302,0.505020865936359,0.396952258862315,0.519254866238674,0.423857169421129,0.304239489655789,0.505020865936359,0.773357993076302,0.446303418803418
polynomial,AdaBoost,0.904654541808303,0.87460876369327,0.864423747574521,0.875732194083077,0.835668777979106,0.826385265590558,0.87460876369327,0.904654541808303,0.828873714851975
polynomial,RUSBoost,0.622208819559386,0.551577986437141,0.500023292549352,0.562452204819754,0.421778205201386,0.390490076756218,0.551577986437141,0.622208819559386,0.498541847309963
polynomial,GradientBoostingClassifier,0.840793075204154,0.799752217005738,0.775329293604357,0.799155067217245,0.732740246434595,0.720362416181732,0.799752217005738,0.840793075204154,0.720603555060077
kbins,LogitBoost,0.659278872029263,0.542057902973396,0.492946394777146,0.570756146497989,0.421034977341814,0.361421462629724,0.542057902973396,0.659278872029263,0.474727073785044
kbins,MEBoost,0.626767099056129,0.439488784559207,0.341988032329069,0.452116316978772,0.278532498275479,0.189247517201629,0.439488784559207,0.626767099056129,0.297590734547256
kbins,AdaBoost,0.610055856079144,0.541666666666666,0.510614513636387,0.535407101678313,0.384817391017643,0.369140207321357,0.541666666666666,0.610055856079144,0.453718774515875
kbins,RUSBoost,0.449332720024601,0.410732916014606,0.333068011255436,0.355653665968563,0.185857241846758,0.170802535670807,0.410732916014606,0.449332720024601,0.237566579957884
kbins,GradientBoostingClassifier,0.665651600736156,0.579290558163797,0.530487237650547,0.575135919896538,0.447300243589261,0.40539535347685,0.579290558163797,0.665651600736156,0.467124571617325
Dataset: Differentiated_Thyroid_Cancer_Recurrence,,,,,,,,,,
Preprocessor,Boosters,Precision,Recall,F1,G-mean,MMCC,Kappa,Weighted Accuracy,PR Score,Balanced Accuracy
standard,LogitBoost,0.979613731574189,0.979166666666666,0.978878303780903,0.979390053244123,0.948348972870622,0.947125307125307,0.979166666666666,0.979613731574189,0.965780998389694
standard,MEBoost,0.940730367984305,0.937315452755905,0.935146061963069,0.939017959044117,0.844683867740563,0.835839549949421,0.937315452755905,0.940730367984305,0.894524959742351
standard,AdaBoost,0.96964717881731,0.968708989501312,0.968954667038214,0.969177533846952,0.92446402477296,0.923942758507198,0.968708989501312,0.96964717881731,0.966968820229689
standard,RUSBoost,0.947687964785651,0.945127952755905,0.943410533208589,0.946404177100117,0.863931586894732,0.857097573055968,0.945127952755905,0.947687964785651,0.90841384863124
standard,GradientBoostingClassifier,0.961960872474237,0.96083497375328,0.960488623136112,0.961397481657424,0.903895930420189,0.901741911208595,0.96083497375328,0.961960872474237,0.941827697262479
minmax,LogitBoost,0.979897836800227,0.979146161417322,0.978854161356915,0.979521802833012,0.948701993501244,0.947099469621139,0.979146161417322,0.979897836800227,0.96576109076109
minmax,MEBoost,0.942939632545931,0.939960629921259,0.938052396307214,0.941446550746946,0.851161749955374,0.843347507052552,0.939960629921259,0.942939632545931,0.89915458937198
minmax,AdaBoost,0.967004574360259,0.966084317585301,0.966296058011306,0.966543895413397,0.917898770858339,0.917317537975559,0.966084317585301,0.967004574360259,0.96233919060006
minmax,RUSBoost,0.947687964785651,0.945127952755905,0.943410533208589,0.946404177100117,0.863931586894732,0.857097573055968,0.945127952755905,0.947687964785651,0.90841384863124
minmax,GradientBoostingClassifier,0.961960872474237,0.96083497375328,0.960488623136112,0.961397481657424,0.903895930420189,0.901741911208595,0.96083497375328,0.961960872474237,0.941827697262479
robust,LogitBoost,0.977315116920073,0.976521489501312,0.9761723011273,0.976918101029305,0.942155187604028,0.940363899086963,0.976521489501312,0.977315116920073,0.958333333333333
robust,MEBoost,0.942939632545931,0.939960629921259,0.938052396307214,0.941446550746946,0.851161749955374,0.843347507052552,0.939960629921259,0.942939632545931,0.89915458937198
robust,AdaBoost,0.969516629089986,0.968708989501312,0.968888599651887,0.969112268380936,0.924139195555841,0.923616006408472,0.968708989501312,0.969516629089986,0.964150784802958
robust,RUSBoost,0.947687964785651,0.945127952755905,0.943410533208589,0.946404177100117,0.863931586894732,0.857097573055968,0.945127952755905,0.947687964785651,0.90841384863124
robust,GradientBoostingClassifier,0.966908721776925,0.966043307086614,0.965565401061863,0.966475600067286,0.91612994132308,0.91397177547519,0.966043307086614,0.966908721776925,0.945450885668277
normalizer,LogitBoost,0.989596370463078,0.989583333333333,0.989490527393753,0.989589851766621,0.974029570540323,0.973791973791973,0.989583333333333,0.989596370463078,0.984299516908212
normalizer,MEBoost,0.886166697202622,0.864296259842519,0.847986874354896,0.875085102332278,0.659548113952618,0.605707085801685,0.864296259842519,0.886166697202622,0.759259259259259
normalizer,AdaBoost,0.994902482269503,0.994791666666666,0.994745263696876,0.994847065113399,0.987143721105599,0.986895986895986,0.994791666666666,0.994902482269503,0.99074074074074
normalizer,RUSBoost,0.947687964785651,0.945127952755905,0.943410533208589,0.946404177100117,0.863931586894732,0.857097573055968,0.945127952755905,0.947687964785651,0.90841384863124
normalizer,GradientBoostingClassifier,0.981822237259807,0.981729822834645,0.981649517124086,0.981776020432486,0.954792645387693,0.954485295228291,0.981729822834645,0.981822237259807,0.973208755817451
power,LogitBoost,0.979613731574189,0.979166666666666,0.978878303780903,0.979390053244123,0.948348972870622,0.947125307125307,0.979166666666666,0.979613731574189,0.965780998389694
power,MEBoost,0.942939632545931,0.939960629921259,0.938052396307214,0.941446550746946,0.851161749955374,0.843347507052552,0.939960629921259,0.942939632545931,0.89915458937198
power,AdaBoost,0.96964717881731,0.968708989501312,0.968954667038214,0.969177533846952,0.92446402477296,0.923942758507198,0.968708989501312,0.96964717881731,0.966968820229689
power,RUSBoost,0.947687964785651,0.945127952755905,0.943410533208589,0.946404177100117,0.863931586894732,0.857097573055968,0.945127952755905,0.947687964785651,0.90841384863124
power,GradientBoostingClassifier,0.961960872474237,0.96083497375328,0.960488623136112,0.961397481657424,0.903895930420189,0.901741911208595,0.96083497375328,0.961960872474237,0.941827697262479
quantile,LogitBoost,0.979613731574189,0.979166666666666,0.978878303780903,0.979390053244123,0.948348972870622,0.947125307125307,0.979166666666666,0.979613731574189,0.965780998389694
quantile,MEBoost,0.9441124454896,0.942544291338582,0.941070299048445,0.943327350350475,0.856746724294596,0.851523683097733,0.942544291338582,0.9441124454896,0.906582346799738
quantile,AdaBoost,0.972139196934328,0.971313156167979,0.971526669059323,0.971725635896495,0.930685560686427,0.930221987488848,0.971313156167979,0.972139196934328,0.968780414432588
quantile,RUSBoost,0.947687964785651,0.945127952755905,0.943410533208589,0.946404177100117,0.863931586894732,0.857097573055968,0.945127952755905,0.947687964785651,0.90841384863124
quantile,GradientBoostingClassifier,0.966908721776925,0.966043307086614,0.965565401061863,0.966475600067286,0.91612994132308,0.91397177547519,0.966043307086614,0.966908721776925,0.945450885668277
polynomial,LogitBoost,0.982552825912115,0.981770833333333,0.981410811618643,0.982161469043012,0.955052988499336,0.953268412284805,0.981770833333333,0.982552825912115,0.967592592592592
polynomial,MEBoost,0.94918305925013,0.945148458005249,0.943096497753695,0.947160892934199,0.865055519813523,0.855694600288673,0.945148458005249,0.94918305925013,0.902777777777777
polynomial,AdaBoost,0.981659626216077,0.981770833333333,0.981691726938205,0.98171521996112,0.954581679682478,0.954526999593991,0.981770833333333,0.981659626216077,0.976046698872786
polynomial,RUSBoost,0.947687964785651,0.945127952755905,0.943410533208589,0.946404177100117,0.863931586894732,0.857097573055968,0.945127952755905,0.947687964785651,0.90841384863124
polynomial,GradientBoostingClassifier,0.982007166475195,0.981750328083989,0.981597943128699,0.981878699676844,0.954847339210228,0.954169225468818,0.981750328083989,0.982007166475195,0.970410628019323
Dataset: Dermatology,,,,,,,,,,
Preprocessor,Boosters,Precision,Recall,F1,G-mean,MMCC,Kappa,Weighted Accuracy,PR Score,Balanced Accuracy
standard,LogitBoost,0.969686429152557,0.966619981325863,0.966137400213989,0.968146514338593,0.958962064525932,0.957694773716534,0.966619981325863,0.969686429152557,0.958498677248677
standard,MEBoost,0.837460628695922,0.6843837535014,0.584312340072125,0.601013819208753,0.648387705775844,0.578418781921623,0.6843837535014,0.837460628695922,0.641369047619047
standard,AdaBoost,0.9809273374592,0.980508870214752,0.980131373946913,0.980718027439777,0.975787090013849,0.97547036508582,0.980508870214752,0.9809273374592,0.977777777777777
standard,RUSBoost,0.79648172693636,0.720821661998132,0.711690201728625,0.756656417896199,0.672357006085976,0.646662509131788,0.720821661998132,0.79648172693636,0.625550667126754
standard,GradientBoostingClassifier,0.955343674506839,0.949789915966386,0.948271845415698,0.952555748375844,0.938646535036175,0.936391191016013,0.949789915966386,0.955343674506839,0.943055555555555
minmax,LogitBoost,0.969686429152557,0.966619981325863,0.966137400213989,0.968146514338593,0.958962064525932,0.957694773716534,0.966619981325863,0.969686429152557,0.958498677248677
minmax,MEBoost,0.838618720189302,0.687184873949579,0.586461407803171,0.602820730183382,0.651934376790466,0.582670120372604,0.687184873949579,0.838618720189302,0.650628306878306
minmax,AdaBoost,0.9809273374592,0.980508870214752,0.980131373946913,0.980718027439777,0.975787090013849,0.97547036508582,0.980508870214752,0.9809273374592,0.977777777777777
minmax,RUSBoost,0.79648172693636,0.720821661998132,0.711690201728625,0.756656417896199,0.672357006085976,0.646662509131788,0.720821661998132,0.79648172693636,0.625550667126754
minmax,GradientBoostingClassifier,0.955343674506839,0.949789915966386,0.948271845415698,0.952555748375844,0.938646535036175,0.936391191016013,0.949789915966386,0.955343674506839,0.943055555555555
robust,LogitBoost,0.969686429152557,0.966619981325863,0.966137400213989,0.968146514338593,0.958962064525932,0.957694773716534,0.966619981325863,0.969686429152557,0.958498677248677
robust,MEBoost,0.838618720189302,0.687184873949579,0.586461407803171,0.602820730183382,0.651934376790466,0.582670120372604,0.687184873949579,0.838618720189302,0.650628306878306
robust,AdaBoost,0.9809273374592,0.980508870214752,0.980131373946913,0.980718027439777,0.975787090013849,0.97547036508582,0.980508870214752,0.9809273374592,0.977777777777777
robust,RUSBoost,0.799720689813569,0.723622782446311,0.714304309496782,0.759662622648456,0.676582906138318,0.650371569010343,0.723622782446311,0.799720689813569,0.628328444904531
robust,GradientBoostingClassifier,0.955343674506839,0.949789915966386,0.948271845415698,0.952555748375844,0.938646535036175,0.936391191016013,0.949789915966386,0.955343674506839,0.943055555555555
normalizer,LogitBoost,0.971992431724462,0.966643323996265,0.9660442588093,0.969295594411464,0.959545580822982,0.957578548273296,0.966643323996265,0.971992431724462,0.962962962962963
normalizer,MEBoost,0.843753051851952,0.692740429505135,0.591999854023956,0.608208830805313,0.660179602209952,0.590078415267046,0.692740429505135,0.843753051851952,0.660879629629629
normalizer,AdaBoost,0.973220957089486,0.97219887955182,0.971541145622028,0.972709186092699,0.965535080432077,0.964814902807911,0.97219887955182,0.973220957089486,0.964980158730158
normalizer,RUSBoost,0.795421659477565,0.681676003734827,0.643413452348492,0.688223345722513,0.637154488478274,0.594380336790383,0.681676003734827,0.795421659477565,0.55012077294686
normalizer,GradientBoostingClassifier,0.951924871088036,0.947012138188608,0.945462490020135,0.949460437677224,0.935000508775413,0.932836469062066,0.947012138188608,0.951924871088036,0.935119047619047
power,LogitBoost,0.964564542341153,0.961017740429505,0.960627862473084,0.962784298675182,0.951971740969863,0.950645432914001,0.961017740429505,0.964564542341153,0.952943121693121
power,MEBoost,0.838618720189302,0.687184873949579,0.586461407803171,0.602820730183382,0.651934376790466,0.582670120372604,0.687184873949579,0.838618720189302,0.650628306878306
power,AdaBoost,0.9809273374592,0.980508870214752,0.980131373946913,0.980718027439777,0.975787090013849,0.97547036508582,0.980508870214752,0.9809273374592,0.977777777777777
power,RUSBoost,0.79648172693636,0.720821661998132,0.711690201728625,0.756656417896199,0.672357006085976,0.646662509131788,0.720821661998132,0.79648172693636,0.625550667126754
power,GradientBoostingClassifier,0.955343674506839,0.949789915966386,0.948271845415698,0.952555748375844,0.938646535036175,0.936391191016013,0.949789915966386,0.955343674506839,0.943055555555555
quantile,LogitBoost,0.969686429152557,0.966619981325863,0.966137400213989,0.968146514338593,0.958962064525932,0.957694773716534,0.966619981325863,0.969686429152557,0.958498677248677
quantile,MEBoost,0.838618720189302,0.687184873949579,0.586461407803171,0.602820730183382,0.651934376790466,0.582670120372604,0.687184873949579,0.838618720189302,0.650628306878306
quantile,AdaBoost,0.9809273374592,0.980508870214752,0.980131373946913,0.980718027439777,0.975787090013849,0.97547036508582,0.980508870214752,0.9809273374592,0.977777777777777
quantile,RUSBoost,0.79648172693636,0.720821661998132,0.711690201728625,0.756656417896199,0.672357006085976,0.646662509131788,0.720821661998132,0.79648172693636,0.625550667126754
quantile,GradientBoostingClassifier,0.955343674506839,0.949789915966386,0.948271845415698,0.952555748375844,0.938646535036175,0.936391191016013,0.949789915966386,0.955343674506839,0.943055555555555
polynomial,LogitBoost,0.975404980954681,0.969421101774043,0.969255873846996,0.97238473186475,0.963099173444288,0.961107447703023,0.969421101774043,0.975404980954681,0.962665343915344
polynomial,MEBoost,0.845135465253295,0.720751633986928,0.660176929426296,0.777792159436833,0.686549032016035,0.629853885669694,0.720751633986928,0.845135465253295,0.692129629629629
polynomial,AdaBoost,0.975061728395061,0.972222222222222,0.97164654713703,0.973635408986303,0.966000270008581,0.964742177170559,0.972222222222222,0.975061728395061,0.966137566137566
polynomial,RUSBoost,0.780359005422354,0.611974789915966,0.515162633675874,0.538145082723561,0.544603037749974,0.483399334835896,0.611974789915966,0.780359005422354,0.513888888888889
polynomial,GradientBoostingClassifier,0.961062023488494,0.958216619981325,0.957616501946987,0.959635922160522,0.948406841331425,0.947152833761851,0.958216619981325,0.961062023488494,0.951322751322751
kbins,LogitBoost,0.971772367905163,0.969397759103641,0.968578766602962,0.970581234874752,0.962423881457571,0.961291620140858,0.969397759103641,0.971772367905163,0.962665343915343
kbins,MEBoost,0.852940019313191,0.759943977591036,0.709939110094194,0.783324558173432,0.727430915198252,0.684156684119347,0.759943977591036,0.852940019313191,0.73449074074074
kbins,AdaBoost,0.986137740446305,0.986087768440709,0.985841964969349,0.986112749896803,0.982665294215802,0.982522157675116,0.986087768440709,0.986137740446305,0.984722222222222
kbins,RUSBoost,0.87523921907919,0.690056022408963,0.66039313470823,0.714357209203299,0.655901579117895,0.607033382561259,0.690056022408963,0.87523921907919,0.592911778237865
kbins,GradientBoostingClassifier,0.95830665675232,0.955368814192343,0.953780516011303,0.956835313349597,0.945194088832148,0.943611429485743,0.955368814192343,0.95830665675232,0.951388888888889
Dataset: Contraceptive_Method_Choice,,,,,,,,,,
Preprocessor,Boosters,Precision,Recall,F1,G-mean,MMCC,Kappa,Weighted Accuracy,PR Score,Balanced Accuracy
standard,LogitBoost,0.463014359592057,0.427698574338085,0.26422768644701,0.348885050590137,0.0135092808026683,0.00296183639094579,0.427698574338085,0.463014359592057,0.334714782599199
standard,MEBoost,0.528021896899009,0.427019687712152,0.294105144369862,0.353398354148498,0.0195245085859146,0.00995087313357797,0.427019687712152,0.528021896899009,0.337733767971126
standard,AdaBoost,0.594454789274309,0.461642905634759,0.35861833280361,0.415855571271505,0.101807900944702,0.080390912736421,0.461642905634759,0.594454789274309,0.379489250283883
standard,RUSBoost,0.630978891865845,0.481330617786829,0.418996130153903,0.428805802343357,0.23658246365775,0.210543501091869,0.481330617786829,0.630978891865845,0.484258421100526
standard,GradientBoostingClassifier,0.549857230710253,0.497623896809232,0.432267282737151,0.522362701504771,0.201044852002906,0.153637704705044,0.497623896809232,0.549857230710253,0.422221890849341
minmax,LogitBoost,0.463014359592057,0.427698574338085,0.26422768644701,0.348885050590137,0.0135092808026683,0.00296183639094579,0.427698574338085,0.463014359592057,0.334714782599199
minmax,MEBoost,0.52547072922452,0.426340801086218,0.293780284274385,0.351473042390259,0.017278025963245,0.00895821364358147,0.426340801086218,0.52547072922452,0.337202135860546
minmax,AdaBoost,0.594454789274309,0.461642905634759,0.35861833280361,0.415855571271505,0.101807900944702,0.080390912736421,0.461642905634759,0.594454789274309,0.379489250283883
minmax,RUSBoost,0.630978891865845,0.481330617786829,0.418996130153903,0.428805802343357,0.23658246365775,0.210543501091869,0.481330617786829,0.630978891865845,0.484258421100526
minmax,GradientBoostingClassifier,0.548578855456649,0.496266123557365,0.427465374968427,0.521012102050455,0.199369970718191,0.149886613407469,0.496266123557365,0.548578855456649,0.419148400675748
robust,LogitBoost,0.443666090752953,0.427019687712152,0.262915939407071,0.339068433702116,0.00807474990654867,0.00178174650222514,0.427019687712152,0.443666090752953,0.334065010019602
robust,MEBoost,0.522424044554097,0.425661914460285,0.291790087453126,0.349190426133509,0.0148174668359758,0.00751984419778184,0.425661914460285,0.522424044554097,0.336434222811931
robust,AdaBoost,0.594454789274309,0.461642905634759,0.35861833280361,0.415855571271505,0.101807900944702,0.080390912736421,0.461642905634759,0.594454789274309,0.379489250283883
robust,RUSBoost,0.621793324626472,0.481330617786829,0.42161532320159,0.425399111603992,0.231281204033852,0.209506270207897,0.481330617786829,0.621793324626472,0.482280412104973
robust,GradientBoostingClassifier,0.55112893834633,0.498302783435166,0.432052829379027,0.523316823498558,0.20287471326341,0.154321698940736,0.498302783435166,0.55112893834633,0.422510888248762
normalizer,LogitBoost,0.580886799530206,0.443312966734555,0.295045499069287,0.463488953439909,0.0845450026636094,0.0323024086757059,0.443312966734555,0.580886799530206,0.35004264849466
normalizer,MEBoost,0.575768407409352,0.453496266123557,0.394701814999397,0.39489056610682,0.107889949010706,0.0999300647835766,0.453496266123557,0.575768407409352,0.385715278491336
normalizer,AdaBoost,0.656371206733313,0.468431771894093,0.357960431421422,0.370838208949248,0.111378826954057,0.0928227736688212,0.468431771894093,0.656371206733313,0.381124032104424
normalizer,RUSBoost,0.595190723748547,0.524100475220638,0.490487277906905,0.495848187403322,0.29049886889235,0.273791919196147,0.524100475220638,0.595190723748547,0.522178350867721
normalizer,GradientBoostingClassifier,0.565633530781996,0.53428377460964,0.485501834896241,0.549379705175371,0.259857688810336,0.225149072723092,0.53428377460964,0.565633530781996,0.464345908102358
power,LogitBoost,0.463014359592057,0.427698574338085,0.26422768644701,0.348885050590137,0.0135092808026683,0.00296183639094579,0.427698574338085,0.463014359592057,0.334714782599199
power,MEBoost,0.537346233748219,0.417515274949083,0.321357783235601,0.356632709873358,0.00716951453309111,0.00494752791090624,0.417515274949083,0.537346233748219,0.336317323314227
power,AdaBoost,0.594454789274309,0.461642905634759,0.35861833280361,0.415855571271505,0.101807900944702,0.080390912736421,0.461642905634759,0.594454789274309,0.379489250283883
power,RUSBoost,0.630978891865845,0.481330617786829,0.418996130153903,0.428805802343357,0.23658246365775,0.210543501091869,0.481330617786829,0.630978891865845,0.484258421100526
power,GradientBoostingClassifier,0.549857230710253,0.497623896809232,0.432267282737151,0.522362701504771,0.201044852002906,0.153637704705044,0.497623896809232,0.549857230710253,0.422221890849341
quantile,LogitBoost,0.463014359592057,0.427698574338085,0.26422768644701,0.348885050590137,0.0135092808026683,0.00296183639094579,0.427698574338085,0.463014359592057,0.334714782599199
quantile,MEBoost,0.534289447027169,0.416157501697216,0.328141391323614,0.354133790363591,0.00965877451898307,0.00725661193429527,0.416157501697216,0.534289447027169,0.337097348242859
quantile,AdaBoost,0.594454789274309,0.461642905634759,0.35861833280361,0.415855571271505,0.101807900944702,0.080390912736421,0.461642905634759,0.594454789274309,0.379489250283883
quantile,RUSBoost,0.630978891865845,0.481330617786829,0.418996130153903,0.428805802343357,0.23658246365775,0.210543501091869,0.481330617786829,0.630978891865845,0.484258421100526
quantile,GradientBoostingClassifier,0.546023582057885,0.494908350305498,0.429418970185889,0.519126059163153,0.195448197662897,0.14912638719273,0.494908350305498,0.546023582057885,0.419622171324957
polynomial,LogitBoost,0.545769497412192,0.43652410047522,0.283108527414344,0.482262683939162,0.0587902494036337,0.0203372833738432,0.43652410047522,0.545769497412192,0.345386096160089
polynomial,MEBoost,0.755327047755733,0.427019687712152,0.2555623697861,0.2555623697861,0,0,0.427019687712152,0.755327047755733,0.333333333333333
polynomial,AdaBoost,0.57974667725085,0.519348268839103,0.461267964767367,0.486176806257075,0.250752550865765,0.216564629917839,0.519348268839103,0.57974667725085,0.473365283582001
polynomial,RUSBoost,0.660988189313487,0.486761710794297,0.377927991711885,0.381800014227884,0.224752767659192,0.177988815623467,0.486761710794297,0.660988189313487,0.456753198858462
polynomial,GradientBoostingClassifier,0.574710406954224,0.537678207739307,0.489341857679436,0.555439108178898,0.275141349553773,0.232637817932603,0.537678207739307,0.574710406954224,0.472384018720448
kbins,LogitBoost,0.429198632700482,0.437881873727087,0.282210995233309,0.406792254690599,0.0766798376933406,0.0240988769708041,0.437881873727087,0.429198632700482,0.348306451815223
kbins,MEBoost,0.705562240053466,0.428377460964019,0.264849681121709,0.305312618182186,0.0110619001066965,0.00363085217107687,0.428377460964019,0.705562240053466,0.335341721306633
kbins,AdaBoost,0.554787375468243,0.494908350305498,0.414234458008736,0.522659716665534,0.211618423993625,0.147331860937445,0.494908350305498,0.554787375468243,0.42248688853436
kbins,RUSBoost,0.340901062878765,0.447386286490156,0.341457016563367,0.386935408232238,0.114748017453042,0.0809234222213861,0.447386286490156,0.340901062878765,0.392716018928609
kbins,GradientBoostingClassifier,0.552269582659803,0.48744059742023,0.40034965381127,0.517649743968107,0.1950734702278,0.129956092757848,0.48744059742023,0.552269582659803,0.410056353916003
Dataset: Car_Evaluation,,,,,,,,,,
Preprocessor,Boosters,Precision,Recall,F1,G-mean,MMCC,Kappa,Weighted Accuracy,PR Score,Balanced Accuracy
standard,LogitBoost,0.905831862633018,0.847800925925925,0.835572964215864,0.85675343651147,0.710086092843159,0.686155689890641,0.847800925925925,0.905831862633018,0.531008433615428
standard,MEBoost,0.854331076807773,0.575810185185185,0.583024782040106,0.661023318003907,0.404052974873642,0.303933997572312,0.575810185185185,0.854331076807773,0.376247348680277
standard,AdaBoost,0.882364332623616,0.875578703703703,0.866467417771596,0.878944388104539,0.737091149980285,0.730536138205556,0.875578703703703,0.882364332623616,0.57017803294726
standard,RUSBoost,0.811994894591247,0.472222222222222,0.479483724674551,0.58662083639742,0.309102942413751,0.216395117343926,0.472222222222222,0.811994894591247,0.339258367524097
standard,GradientBoostingClassifier,0.879978698602854,0.844328703703703,0.818497877015897,0.822844709402359,0.663057224602324,0.654087706075938,0.844328703703703,0.879978698602854,0.447663418927966
minmax,LogitBoost,0.905831862633018,0.847800925925925,0.835572964215864,0.85675343651147,0.710086092843159,0.686155689890641,0.847800925925925,0.905831862633018,0.531008433615428
minmax,MEBoost,0.890666081248043,0.795138888888889,0.782066384579902,0.804026265834132,0.628435439076825,0.591694051144808,0.795138888888889,0.890666081248043,0.452766649571284
minmax,AdaBoost,0.882364332623616,0.875578703703703,0.866467417771596,0.878944388104539,0.737091149980285,0.730536138205556,0.875578703703703,0.882364332623616,0.57017803294726
minmax,RUSBoost,0.811994894591247,0.472222222222222,0.479483724674551,0.58662083639742,0.309102942413751,0.216395117343926,0.472222222222222,0.811994894591247,0.339258367524097
minmax,GradientBoostingClassifier,0.879978698602854,0.844328703703703,0.818497877015897,0.822844709402359,0.663057224602324,0.654087706075938,0.844328703703703,0.879978698602854,0.447663418927966
robust,LogitBoost,0.903690167039573,0.846643518518518,0.832949861853029,0.855114352729318,0.705251419610641,0.682280674024482,0.846643518518518,0.903690167039573,0.518518802111179
robust,MEBoost,0.890666081248043,0.795138888888889,0.782066384579902,0.804026265834132,0.628435439076825,0.591694051144808,0.795138888888889,0.890666081248043,0.452766649571284
robust,AdaBoost,0.880057007014674,0.874421296296296,0.865102908870561,0.877218843470699,0.733022578421394,0.727018493486613,0.874421296296296,0.880057007014674,0.567987431210287
robust,RUSBoost,0.811994894591247,0.472222222222222,0.479483724674551,0.58662083639742,0.309102942413751,0.216395117343926,0.472222222222222,0.811994894591247,0.339258367524097
robust,GradientBoostingClassifier,0.87926075278361,0.84375,0.817910844428163,0.822192056989665,0.66147288162108,0.652587213152981,0.84375,0.87926075278361,0.447012377261299
normalizer,LogitBoost,0.912413714933729,0.855324074074074,0.848482368096342,0.88294171468106,0.725306818187304,0.70260088243418,0.855324074074074,0.912413714933729,0.582333032268287
normalizer,MEBoost,0.883708594820395,0.798611111111111,0.784151764803168,0.80235819942354,0.622074524538046,0.591927864758261,0.798611111111111,0.883708594820395,0.448678793127451
normalizer,AdaBoost,0.865041949200762,0.864004629629629,0.847656922784558,0.864442735543876,0.70994536359304,0.701625159243126,0.864004629629629,0.865041949200762,0.518981563305401
normalizer,RUSBoost,0.811994894591247,0.472222222222222,0.479483724674551,0.58662083639742,0.309102942413751,0.216395117343926,0.472222222222222,0.811994894591247,0.339258367524097
normalizer,GradientBoostingClassifier,0.876887483546522,0.841435185185185,0.815655805993391,0.81983890400915,0.655826868882927,0.647015515017385,0.841435185185185,0.876887483546522,0.444856052660942
power,LogitBoost,0.905831862633018,0.847800925925925,0.835572964215864,0.85675343651147,0.710086092843159,0.686155689890641,0.847800925925925,0.905831862633018,0.531008433615428
power,MEBoost,0.882592502813091,0.790509259259259,0.777540680446148,0.79771035422298,0.613014145168172,0.579682559010644,0.790509259259259,0.882592502813091,0.446669797834311
power,AdaBoost,0.882364332623616,0.875578703703703,0.866467417771596,0.878944388104539,0.737091149980285,0.730536138205556,0.875578703703703,0.882364332623616,0.57017803294726
power,RUSBoost,0.811994894591247,0.472222222222222,0.479483724674551,0.58662083639742,0.309102942413751,0.216395117343926,0.472222222222222,0.811994894591247,0.339258367524097
power,GradientBoostingClassifier,0.879978698602854,0.844328703703703,0.818497877015897,0.822844709402359,0.663057224602324,0.654087706075938,0.844328703703703,0.879978698602854,0.447663418927966
quantile,LogitBoost,0.905831862633018,0.847800925925925,0.835572964215864,0.85675343651147,0.710086092843159,0.686155689890641,0.847800925925925,0.905831862633018,0.531008433615428
quantile,MEBoost,0.890666081248043,0.795138888888889,0.782066384579902,0.804026265834132,0.628435439076825,0.591694051144808,0.795138888888889,0.890666081248043,0.452766649571284
quantile,AdaBoost,0.882364332623616,0.875578703703703,0.866467417771596,0.878944388104539,0.737091149980285,0.730536138205556,0.875578703703703,0.882364332623616,0.57017803294726
quantile,RUSBoost,0.811994894591247,0.472222222222222,0.479483724674551,0.58662083639742,0.309102942413751,0.216395117343926,0.472222222222222,0.811994894591247,0.339258367524097
quantile,GradientBoostingClassifier,0.879978698602854,0.844328703703703,0.818497877015897,0.822844709402359,0.663057224602324,0.654087706075938,0.844328703703703,0.879978698602854,0.447663418927966
polynomial,LogitBoost,0.912528831399193,0.862847222222222,0.857561467900109,0.886979642318461,0.738150479927459,0.717362097598293,0.862847222222222,0.912528831399193,0.605549474040232
polynomial,MEBoost,0.82305087190231,0.550347222222222,0.568491165397759,0.646318195401122,0.372714143799427,0.283529463000429,0.550347222222222,0.82305087190231,0.428772648629762
polynomial,AdaBoost,0.907822333530475,0.901041666666666,0.900887483594657,0.904418552381669,0.789491096637047,0.786942069482183,0.901041666666666,0.907822333530475,0.759219107755271
polynomial,RUSBoost,0.811994894591247,0.472222222222222,0.479483724674551,0.58662083639742,0.309102942413751,0.216395117343926,0.472222222222222,0.811994894591247,0.339258367524097
polynomial,GradientBoostingClassifier,0.916230592004742,0.888310185185185,0.85859042971664,0.862784105988867,0.760101784149437,0.750554895161821,0.888310185185185,0.916230592004742,0.478476533389226
kbins,LogitBoost,0.905831862633018,0.847800925925925,0.835572964215864,0.85675343651147,0.710086092843159,0.686155689890641,0.847800925925925,0.905831862633018,0.531008433615428
kbins,MEBoost,0.858056002678012,0.606481481481481,0.613847546430412,0.682433998699075,0.431385882625794,0.337969541444284,0.606481481481481,0.858056002678012,0.387197094399266
kbins,AdaBoost,0.882364332623616,0.875578703703703,0.866467417771596,0.878944388104539,0.737091149980285,0.730536138205556,0.875578703703703,0.882364332623616,0.57017803294726
kbins,RUSBoost,0.811994894591247,0.472222222222222,0.479483724674551,0.58662083639742,0.309102942413751,0.216395117343926,0.472222222222222,0.811994894591247,0.339258367524097
kbins,GradientBoostingClassifier,0.879978698602854,0.844328703703703,0.818497877015897,0.822844709402359,0.663057224602324,0.654087706075938,0.844328703703703,0.879978698602854,0.447663418927966
Dataset: Balance_Scale,,,,,,,,,,
Preprocessor,Boosters,Precision,Recall,F1,G-mean,MMCC,Kappa,Weighted Accuracy,PR Score,Balanced Accuracy
standard,LogitBoost,0.928597180021227,0.57293583609373,0.66157106975796,0.706476817638007,0.510655256853796,0.417695171420137,0.57293583609373,0.928597180021227,0.685185185185185
standard,MEBoost,0.802659538589857,0.313788185498711,0.353269526714717,0.438156883671788,0.210786739542934,0.137288286117982,0.313788185498711,0.802659538589857,0.428649237472766
standard,AdaBoost,0.862187718869679,0.856006931664826,0.857113468320063,0.859039166658581,0.74917264535316,0.747797434047778,0.856006931664826,0.862187718869679,0.736655773420479
standard,RUSBoost,0.641464938751083,0.585718010060115,0.555206000288945,0.587453367353807,0.280273844503478,0.25507319995832,0.585718010060115,0.641464938751083,0.423611111111111
standard,GradientBoostingClassifier,0.842781251217131,0.835173598331493,0.836623002946616,0.838889729674818,0.714856481304878,0.712983129363232,0.835173598331493,0.842781251217131,0.743123638344226
minmax,LogitBoost,0.928597180021227,0.57293583609373,0.66157106975796,0.706476817638007,0.510655256853796,0.417695171420137,0.57293583609373,0.928597180021227,0.685185185185185
minmax,MEBoost,0.781517395806806,0.308896147711937,0.374822070874947,0.439949270921865,0.217184835075419,0.139951250431706,0.308896147711937,0.781517395806806,0.431372549019607
minmax,AdaBoost,0.862187718869679,0.856006931664826,0.857113468320063,0.859039166658581,0.74917264535316,0.747797434047778,0.856006931664826,0.862187718869679,0.736655773420479
minmax,RUSBoost,0.641464938751083,0.585718010060115,0.555206000288945,0.587453367353807,0.280273844503478,0.25507319995832,0.585718010060115,0.641464938751083,0.423611111111111
minmax,GradientBoostingClassifier,0.842781251217131,0.835173598331493,0.836623002946616,0.838889729674818,0.714856481304878,0.712983129363232,0.835173598331493,0.842781251217131,0.743123638344226
robust,LogitBoost,0.928597180021227,0.57293583609373,0.66157106975796,0.706476817638007,0.510655256853796,0.417695171420137,0.57293583609373,0.928597180021227,0.685185185185185
robust,MEBoost,0.781517395806806,0.308896147711937,0.374822070874947,0.439949270921865,0.217184835075419,0.139951250431706,0.308896147711937,0.781517395806806,0.431372549019607
robust,AdaBoost,0.862187718869679,0.856006931664826,0.857113468320063,0.859039166658581,0.74917264535316,0.747797434047778,0.856006931664826,0.862187718869679,0.736655773420479
robust,RUSBoost,0.641464938751083,0.585718010060115,0.555206000288945,0.587453367353807,0.280273844503478,0.25507319995832,0.585718010060115,0.641464938751083,0.423611111111111
robust,GradientBoostingClassifier,0.842781251217131,0.835173598331493,0.836623002946616,0.838889729674818,0.714856481304878,0.712983129363232,0.835173598331493,0.842781251217131,0.743123638344226
normalizer,LogitBoost,0.935139383261278,0.611389706784443,0.693356474137575,0.735753880504132,0.548476535992693,0.46299717043674,0.611389706784443,0.935139383261278,0.71875
normalizer,MEBoost,0.893377623894917,0.19689301926144,0.217421224445068,0.320624823255139,0.181090276847206,0.0781113132325467,0.19689301926144,0.893377623894917,0.396241830065359
normalizer,AdaBoost,0.89173823055934,0.878511839038154,0.877914713083662,0.884801815949438,0.794629344925935,0.790109468719009,0.878511839038154,0.89173823055934,0.741693899782135
normalizer,RUSBoost,0.641464938751083,0.585718010060115,0.555206000288945,0.587453367353807,0.280273844503478,0.25507319995832,0.585718010060115,0.641464938751083,0.423611111111111
normalizer,GradientBoostingClassifier,0.865190375179683,0.85127591706539,0.853792618846755,0.857701431970105,0.749429217059013,0.744523748406874,0.85127591706539,0.865190375179683,0.715413943355119
power,LogitBoost,0.928597180021227,0.57293583609373,0.66157106975796,0.706476817638007,0.510655256853796,0.417695171420137,0.57293583609373,0.928597180021227,0.685185185185185
power,MEBoost,0.771573304600318,0.316908968224757,0.380943900581347,0.446210409493314,0.214935930380217,0.142131406050204,0.316908968224757,0.771573304600318,0.431372549019607
power,AdaBoost,0.862187718869679,0.856006931664826,0.857113468320063,0.859039166658581,0.74917264535316,0.747797434047778,0.856006931664826,0.862187718869679,0.736655773420479
power,RUSBoost,0.641464938751083,0.585718010060115,0.555206000288945,0.587453367353807,0.280273844503478,0.25507319995832,0.585718010060115,0.641464938751083,0.423611111111111
power,GradientBoostingClassifier,0.842781251217131,0.835173598331493,0.836623002946616,0.838889729674818,0.714856481304878,0.712983129363232,0.835173598331493,0.842781251217131,0.743123638344226
quantile,LogitBoost,0.928597180021227,0.57293583609373,0.66157106975796,0.706476817638007,0.510655256853796,0.417695171420137,0.57293583609373,0.928597180021227,0.685185185185185
quantile,MEBoost,0.781517395806806,0.308896147711937,0.374822070874947,0.439949270921865,0.217184835075419,0.139951250431706,0.308896147711937,0.781517395806806,0.431372549019607
quantile,AdaBoost,0.862187718869679,0.856006931664826,0.857113468320063,0.859039166658581,0.74917264535316,0.747797434047778,0.856006931664826,0.862187718869679,0.736655773420479
quantile,RUSBoost,0.641464938751083,0.585718010060115,0.555206000288945,0.587453367353807,0.280273844503478,0.25507319995832,0.585718010060115,0.641464938751083,0.423611111111111
quantile,GradientBoostingClassifier,0.842781251217131,0.835173598331493,0.836623002946616,0.838889729674818,0.714856481304878,0.712983129363232,0.835173598331493,0.842781251217131,0.743123638344226
polynomial,LogitBoost,0.919047726936748,0.553820083425346,0.638023931819719,0.684091411442465,0.491309118951785,0.399681948442688,0.553820083425346,0.919047726936748,0.665509259259259
polynomial,MEBoost,0.897093000777593,0.0944209299472457,0.0423627125813974,0.119848752975935,0.05442808216887,0.0101322144025144,0.0944209299472457,0.897093000777593,0.344907407407407
polynomial,AdaBoost,0.854710749813097,0.838424733161575,0.835165884753137,0.846375170378983,0.720705404376528,0.716364213049821,0.838424733161575,0.854710749813097,0.711533224400871
polynomial,RUSBoost,0.64209501489809,0.587320574162679,0.55866989801941,0.60108840828984,0.283872391035532,0.25882348515111,0.587320574162679,0.64209501489809,0.430555555555555
polynomial,GradientBoostingClassifier,0.823590700021445,0.812806710833026,0.814936647309307,0.817926715106626,0.678463996846815,0.675330066548801,0.812806710833026,0.823590700021445,0.693014705882352
kbins,LogitBoost,0.928597180021227,0.57293583609373,0.66157106975796,0.706476817638007,0.510655256853796,0.417695171420137,0.57293583609373,0.928597180021227,0.685185185185185
kbins,MEBoost,0.761842466550392,0.353691264875475,0.425528479761638,0.477626781875415,0.249416852355626,0.174750793346295,0.353691264875475,0.761842466550392,0.458401416122004
kbins,AdaBoost,0.862187718869679,0.856006931664826,0.857113468320063,0.859039166658581,0.74917264535316,0.747797434047778,0.856006931664826,0.862187718869679,0.736655773420479
kbins,RUSBoost,0.641464938751083,0.585718010060115,0.555206000288945,0.587453367353807,0.280273844503478,0.25507319995832,0.585718010060115,0.641464938751083,0.423611111111111
kbins,GradientBoostingClassifier,0.842781251217131,0.835173598331493,0.836623002946616,0.838889729674818,0.714856481304878,0.712983129363232,0.835173598331493,0.842781251217131,0.743123638344226
