Dataset: Wine,,,,,,,,,
Algorithm,Precision,Recall,F1,G-mean,MMCC,Kappa,Weighted Accuracy,PR Score,Balanced Accuracy
LogitBoost,0.96 ± 0.034,0.955 ± 0.039,0.956 ± 0.038,0.958 ± 0.037,0.934 ± 0.057,0.932 ± 0.059,0.955 ± 0.039,0.96 ± 0.034,0.96 ± 0.037
MEBoost,0.923 ± 0.034,0.894 ± 0.055,0.896 ± 0.053,0.908 ± 0.045,0.852 ± 0.074,0.839 ± 0.083,0.894 ± 0.055,0.923 ± 0.034,0.895 ± 0.058
AdaBoost,0.983 ± 0.023,0.983 ± 0.024,0.983 ± 0.024,0.983 ± 0.024,0.975 ± 0.036,0.975 ± 0.036,0.983 ± 0.024,0.983 ± 0.023,0.985 ± 0.021
RUSBoost,0.921 ± 0.018,0.904 ± 0.029,0.903 ± 0.03,0.912 ± 0.024,0.865 ± 0.037,0.856 ± 0.043,0.904 ± 0.029,0.921 ± 0.018,0.915 ± 0.027
GradientBoosting,0.981 ± 0.026,0.978 ± 0.031,0.978 ± 0.031,0.98 ± 0.029,0.968 ± 0.045,0.966 ± 0.047,0.978 ± 0.031,0.981 ± 0.026,0.981 ± 0.026
XGBClassifier,0.95 ± 0.024,0.95 ± 0.024,0.949 ± 0.024,0.95 ± 0.024,0.924 ± 0.036,0.923 ± 0.036,0.95 ± 0.024,0.95 ± 0.024,0.953 ± 0.023
CatBoost,0.967 ± 0.023,0.966 ± 0.024,0.966 ± 0.024,0.967 ± 0.023,0.949 ± 0.036,0.949 ± 0.036,0.966 ± 0.024,0.967 ± 0.023,0.969 ± 0.022
SMOTEBoost,0.82 ± 0.128,0.723 ± 0.196,0.649 ± 0.248,0.65 ± 0.248,0.615 ± 0.273,0.573 ± 0.302,0.723 ± 0.196,0.82 ± 0.128,0.731 ± 0.191
,,,,,,,,,
Dataset: Hayes_Roth,,,,,,,,,
Algorithm,Precision,Recall,F1,G-mean,MMCC,Kappa,Weighted Accuracy,PR Score,Balanced Accuracy
LogitBoost,0.913 ± 0.011,0.893 ± 0.023,0.891 ± 0.024,0.903 ± 0.017,0.848 ± 0.027,0.836 ± 0.035,0.893 ± 0.023,0.913 ± 0.011,0.908 ± 0.018
MEBoost,0.75 ± 0.022,0.534 ± 0.028,0.477 ± 0.042,0.623 ± 0.013,0.365 ± 0.035,0.254 ± 0.049,0.534 ± 0.028,0.75 ± 0.022,0.492 ± 0.036
AdaBoost,0.902 ± 0.029,0.862 ± 0.05,0.857 ± 0.054,0.881 ± 0.04,0.815 ± 0.062,0.789 ± 0.076,0.862 ± 0.05,0.902 ± 0.029,0.882 ± 0.042
RUSBoost,0.598 ± 0.017,0.504 ± 0.019,0.464 ± 0.011,0.547 ± 0.017,0.221 ± 0.034,0.198 ± 0.029,0.504 ± 0.019,0.598 ± 0.017,0.456 ± 0.012
GradientBoosting,0.884 ± 0.018,0.878 ± 0.022,0.878 ± 0.022,0.881 ± 0.02,0.816 ± 0.032,0.812 ± 0.034,0.878 ± 0.022,0.884 ± 0.018,0.89 ± 0.023
XGBClassifier,0.798 ± 0.05,0.786 ± 0.055,0.785 ± 0.056,0.792 ± 0.052,0.676 ± 0.083,0.669 ± 0.086,0.786 ± 0.055,0.798 ± 0.05,0.801 ± 0.057
CatBoost,0.782 ± 0.047,0.755 ± 0.062,0.755 ± 0.062,0.768 ± 0.055,0.632 ± 0.09,0.619 ± 0.097,0.755 ± 0.062,0.782 ± 0.047,0.758 ± 0.065
SMOTEBoost,0.807 ± 0.001,0.611 ± 0.004,0.482 ± 0.004,0.496 ± 0.004,0.551 ± 0.001,0.404 ± 0.002,0.611 ± 0.004,0.807 ± 0.001,0.667 ± 0.0
,,,,,,,,,
Dataset: Contraceptive_Method_Choice,,,,,,,,,
Algorithm,Precision,Recall,F1,G-mean,MMCC,Kappa,Weighted Accuracy,PR Score,Balanced Accuracy
LogitBoost,0.463 ± 0.213,0.428 ± 0.006,0.264 ± 0.009,0.349 ± 0.081,0.014 ± 0.054,0.003 ± 0.012,0.428 ± 0.006,0.463 ± 0.213,0.335 ± 0.006
MEBoost,0.624 ± 0.114,0.426 ± 0.002,0.259 ± 0.002,0.331 ± 0.068,-0.0 ± 0.023,-0.0 ± 0.004,0.426 ± 0.002,0.624 ± 0.114,0.333 ± 0.002
AdaBoost,0.594 ± 0.114,0.462 ± 0.027,0.359 ± 0.074,0.416 ± 0.113,0.102 ± 0.077,0.08 ± 0.062,0.462 ± 0.027,0.594 ± 0.114,0.379 ± 0.035
RUSBoost,0.59 ± 0.051,0.489 ± 0.012,0.461 ± 0.061,0.475 ± 0.071,0.25 ± 0.024,0.232 ± 0.034,0.489 ± 0.012,0.59 ± 0.051,0.499 ± 0.021
GradientBoostingC,0.55 ± 0.018,0.498 ± 0.013,0.432 ± 0.022,0.522 ± 0.014,0.201 ± 0.029,0.154 ± 0.025,0.498 ± 0.013,0.55 ± 0.018,0.422 ± 0.014
XGBClassifier,0.516 ± 0.023,0.518 ± 0.019,0.515 ± 0.021,0.517 ± 0.021,0.249 ± 0.034,0.248 ± 0.034,0.518 ± 0.019,0.516 ± 0.023,0.488 ± 0.024
CatBoost,0.524 ± 0.008,0.521 ± 0.007,0.521 ± 0.008,0.523 ± 0.007,0.256 ± 0.013,0.255 ± 0.014,0.521 ± 0.007,0.524 ± 0.008,0.496 ± 0.009
SMOTEBoost,0.496 ± 0.009,0.376 ± 0.009,0.325 ± 0.013,0.427 ± 0.004,0.202 ± 0.001,0.14 ± 0.006,0.376 ± 0.009,0.496 ± 0.009,0.439 ± 0.003
,,,,,,,,,
Dataset: Pen-Based_Recognition_of_Handwritten_Digits,,,,,,,,,
Algorithm,Precision,Recall,F1,G-mean,MMCC,Kappa,Weighted Accuracy,PR Score,Balanced Accuracy
LogitBoost,0.947 ± 0.009,0.905 ± 0.031,0.916 ± 0.025,0.926 ± 0.021,0.9 ± 0.031,0.895 ± 0.035,0.905 ± 0.031,0.947 ± 0.009,0.905 ± 0.031
MEBoost,0.778 ± 0.005,0.122 ± 0.012,0.053 ± 0.021,0.127 ± 0.031,0.079 ± 0.043,0.021 ± 0.014,0.122 ± 0.012,0.778 ± 0.005,0.119 ± 0.013
AdaBoost,0.923 ± 0.009,0.908 ± 0.018,0.911 ± 0.016,0.915 ± 0.014,0.899 ± 0.019,0.898 ± 0.02,0.908 ± 0.018,0.923 ± 0.009,0.907 ± 0.019
RUSBoost,0.522 ± 0.01,0.481 ± 0.001,0.386 ± 0.002,0.5 ± 0.005,0.439 ± 0.001,0.422 ± 0.001,0.481 ± 0.001,0.522 ± 0.01,0.471 ± 0.001
GradientBoostingC,0.88 ± 0.004,0.776 ± 0.018,0.8 ± 0.014,0.824 ± 0.012,0.766 ± 0.018,0.75 ± 0.02,0.776 ± 0.018,0.88 ± 0.004,0.774 ± 0.018
XGBClassifier,0.989 ± 0.001,0.989 ± 0.001,0.989 ± 0.001,0.989 ± 0.001,0.988 ± 0.001,0.988 ± 0.001,0.989 ± 0.001,0.989 ± 0.001,0.989 ± 0.001
CatBoost,0.984 ± 0.003,0.984 ± 0.003,0.984 ± 0.003,0.984 ± 0.003,0.982 ± 0.003,0.982 ± 0.003,0.984 ± 0.003,0.984 ± 0.003,0.984 ± 0.003
SMOTEBoost,0.73 ± 0.106,0.22 ± 0.062,0.137 ± 0.052,0.199 ± 0.023,0.187 ± 0.052,0.135 ± 0.068,0.22 ± 0.062,0.73 ± 0.106,0.221 ± 0.062
,,,,,,,,,
Dataset: Vertebral_Column,,,,,,,,,
Algorithm,Precision,Recall,F1,G-mean,MMCC,Kappa,Weighted Accuracy,PR Score,Balanced Accuracy
LogitBoost,0.874 ± 0.022,0.852 ± 0.045,0.852 ± 0.048,0.862 ± 0.034,0.776 ± 0.057,0.767 ± 0.068,0.852 ± 0.045,0.874 ± 0.022,0.829 ± 0.037
MEBoost,0.776 ± 0.056,0.697 ± 0.036,0.68 ± 0.046,0.733 ± 0.037,0.582 ± 0.047,0.538 ± 0.052,0.697 ± 0.036,0.776 ± 0.056,0.67 ± 0.035
AdaBoost,0.873 ± 0.015,0.861 ± 0.016,0.862 ± 0.016,0.867 ± 0.015,0.784 ± 0.025,0.779 ± 0.025,0.861 ± 0.016,0.873 ± 0.015,0.828 ± 0.011
RUSBoost,0.803 ± 0.018,0.742 ± 0.048,0.739 ± 0.055,0.771 ± 0.034,0.634 ± 0.049,0.605 ± 0.067,0.742 ± 0.048,0.803 ± 0.018,0.73 ± 0.046
GradientBoostingC,0.861 ± 0.016,0.858 ± 0.012,0.856 ± 0.012,0.86 ± 0.014,0.775 ± 0.021,0.772 ± 0.019,0.858 ± 0.012,0.861 ± 0.016,0.81 ± 0.016
XGBClassifier,0.809 ± 0.024,0.81 ± 0.021,0.805 ± 0.022,0.809 ± 0.022,0.697 ± 0.034,0.693 ± 0.034,0.81 ± 0.021,0.809 ± 0.024,0.746 ± 0.037
CatBoost,0.843 ± 0.033,0.839 ± 0.023,0.834 ± 0.023,0.841 ± 0.028,0.744 ± 0.041,0.739 ± 0.037,0.839 ± 0.023,0.843 ± 0.033,0.778 ± 0.032
SMOTEBoost,0.698 ± 0.156,0.587 ± 0.161,0.546 ± 0.145,0.636 ± 0.16,0.449 ± 0.234,0.397 ± 0.209,0.587 ± 0.161,0.698 ± 0.156,0.61 ± 0.116
,,,,,,,,,
Dataset: Differentiated_Thyroid_Cancer_Recurrence,,,,,,,,,
Algorithm,Precision,Recall,F1,G-mean,MMCC,Kappa,Weighted Accuracy,PR Score,Balanced Accuracy
LogitBoost,0.98 ± 0.014,0.979 ± 0.015,0.979 ± 0.015,0.979 ± 0.015,0.948 ± 0.037,0.947 ± 0.037,0.979 ± 0.015,0.98 ± 0.014,0.966 ± 0.024
MEBoost,0.951 ± 0.014,0.95 ± 0.013,0.95 ± 0.014,0.951 ± 0.014,0.876 ± 0.034,0.874 ± 0.034,0.95 ± 0.013,0.951 ± 0.014,0.923 ± 0.016
AdaBoost,0.97 ± 0.016,0.969 ± 0.017,0.969 ± 0.017,0.969 ± 0.016,0.924 ± 0.04,0.924 ± 0.04,0.969 ± 0.017,0.97 ± 0.016,0.967 ± 0.016
RUSBoost,0.948 ± 0.016,0.945 ± 0.017,0.943 ± 0.018,0.946 ± 0.016,0.864 ± 0.042,0.857 ± 0.046,0.945 ± 0.017,0.948 ± 0.016,0.908 ± 0.028
GradientBoostingC,0.962 ± 0.013,0.961 ± 0.013,0.96 ± 0.013,0.961 ± 0.013,0.904 ± 0.031,0.902 ± 0.031,0.961 ± 0.013,0.962 ± 0.013,0.942 ± 0.012
XGBClassifier,0.956 ± 0.015,0.956 ± 0.015,0.956 ± 0.015,0.956 ± 0.015,0.89 ± 0.036,0.89 ± 0.036,0.956 ± 0.015,0.956 ± 0.015,0.944 ± 0.017
CatBoost,0.961 ± 0.017,0.961 ± 0.017,0.96 ± 0.017,0.961 ± 0.017,0.902 ± 0.043,0.901 ± 0.043,0.961 ± 0.017,0.961 ± 0.017,0.942 ± 0.022
SMOTEBoost,0.936 ± 0.02,0.935 ± 0.02,0.935 ± 0.02,0.935 ± 0.02,0.84 ± 0.049,0.84 ± 0.049,0.935 ± 0.02,0.936 ± 0.02,0.924 ± 0.027
,,,,,,,,,
Dataset: Dermatology,,,,,,,,,
Algorithm,Precision,Recall,F1,G-mean,MMCC,Kappa,Weighted Accuracy,PR Score,Balanced Accuracy
LogitBoost,0.97 ± 0.032,0.967 ± 0.036,0.966 ± 0.036,0.968 ± 0.034,0.959 ± 0.044,0.958 ± 0.046,0.967 ± 0.036,0.97 ± 0.032,0.958 ± 0.045
MEBoost,0.839 ± 0.006,0.687 ± 0.009,0.586 ± 0.007,0.603 ± 0.006,0.652 ± 0.012,0.583 ± 0.013,0.687 ± 0.009,0.839 ± 0.006,0.651 ± 0.018
AdaBoost,0.981 ± 0.017,0.981 ± 0.017,0.98 ± 0.017,0.981 ± 0.017,0.976 ± 0.021,0.975 ± 0.022,0.981 ± 0.017,0.981 ± 0.017,0.978 ± 0.019
RUSBoost,0.8 ± 0.026,0.721 ± 0.039,0.71 ± 0.04,0.758 ± 0.033,0.673 ± 0.045,0.647 ± 0.048,0.721 ± 0.039,0.8 ± 0.026,0.619 ± 0.048
GradientBoostingC,0.955 ± 0.017,0.95 ± 0.02,0.948 ± 0.021,0.953 ± 0.019,0.939 ± 0.025,0.936 ± 0.026,0.95 ± 0.02,0.955 ± 0.017,0.943 ± 0.023
XGBClassifier,0.963 ± 0.019,0.961 ± 0.02,0.961 ± 0.02,0.962 ± 0.019,0.952 ± 0.024,0.951 ± 0.025,0.961 ± 0.02,0.963 ± 0.019,0.959 ± 0.023
CatBoost,0.975 ± 0.008,0.972 ± 0.01,0.972 ± 0.011,0.974 ± 0.009,0.966 ± 0.012,0.965 ± 0.013,0.972 ± 0.01,0.975 ± 0.008,0.969 ± 0.016
SMOTEBoost,0.936 ± 0.02,0.935 ± 0.02,0.935 ± 0.02,0.935 ± 0.02,0.84 ± 0.049,0.84 ± 0.049,0.935 ± 0.02,0.936 ± 0.02,0.924 ± 0.027
,,,,,,,,,
Dataset: Balance_Scale,,,,,,,,,
Algorithm,Precision,Recall,F1,G-mean,MMCC,Kappa,Weighted Accuracy,PR Score,Balanced Accuracy
LogitBoost,0.929 ± 0.001,0.573 ± 0.064,0.662 ± 0.059,0.706 ± 0.05,0.511 ± 0.051,0.418 ± 0.067,0.573 ± 0.064,0.929 ± 0.001,0.685 ± 0.047
MEBoost,0.836 ± 0.064,0.263 ± 0.065,0.299 ± 0.08,0.393 ± 0.071,0.199 ± 0.022,0.111 ± 0.035,0.263 ± 0.065,0.836 ± 0.064,0.426 ± 0.021
AdaBoost,0.862 ± 0.028,0.856 ± 0.026,0.857 ± 0.025,0.859 ± 0.026,0.749 ± 0.044,0.748 ± 0.044,0.856 ± 0.026,0.862 ± 0.028,0.737 ± 0.062
RUSBoost,0.641 ± 0.056,0.586 ± 0.052,0.555 ± 0.05,0.587 ± 0.037,0.28 ± 0.066,0.255 ± 0.063,0.586 ± 0.052,0.641 ± 0.056,0.424 ± 0.037
GradientBoostingC,0.843 ± 0.024,0.835 ± 0.014,0.837 ± 0.016,0.839 ± 0.018,0.715 ± 0.029,0.713 ± 0.028,0.835 ± 0.014,0.843 ± 0.024,0.743 ± 0.073
XGBClassifier,0.816 ± 0.023,0.834 ± 0.024,0.816 ± 0.016,0.825 ± 0.023,0.702 ± 0.041,0.698 ± 0.039,0.834 ± 0.024,0.816 ± 0.023,0.637 ± 0.015
CatBoost,0.754 ± 0.013,0.798 ± 0.02,0.775 ± 0.014,0.775 ± 0.015,0.637 ± 0.036,0.632 ± 0.034,0.798 ± 0.02,0.754 ± 0.013,0.578 ± 0.016
SMOTEBoost,0.793 ± 0.045,0.501 ± 0.038,0.593 ± 0.034,0.614 ± 0.04,0.35 ± 0.055,0.298 ± 0.049,0.501 ± 0.038,0.793 ± 0.045,0.476 ± 0.057
,,,,,,,,,
Dataset: Glass_Identification,,,,,,,,,
Algorithm,Precision,Recall,F1,G-mean,MMCC,Kappa,Weighted Accuracy,PR Score,Balanced Accuracy
LogitBoost,0.837 ± 0.05,0.758 ± 0.091,0.744 ± 0.104,0.783 ± 0.088,0.696 ± 0.115,0.665 ± 0.127,0.758 ± 0.091,0.837 ± 0.05,0.741 ± 0.138
MEBoost,0.796 ± 0.012,0.491 ± 0.026,0.381 ± 0.042,0.558 ± 0.029,0.411 ± 0.043,0.272 ± 0.043,0.491 ± 0.026,0.796 ± 0.012,0.376 ± 0.05
AdaBoost,0.799 ± 0.024,0.757 ± 0.039,0.743 ± 0.048,0.764 ± 0.049,0.678 ± 0.049,0.663 ± 0.056,0.757 ± 0.039,0.799 ± 0.024,0.736 ± 0.042
RUSBoost,0.623 ± 0.033,0.509 ± 0.014,0.447 ± 0.022,0.49 ± 0.028,0.351 ± 0.03,0.316 ± 0.028,0.509 ± 0.014,0.623 ± 0.033,0.374 ± 0.038
GradientBoostingC,0.797 ± 0.033,0.753 ± 0.042,0.725 ± 0.049,0.746 ± 0.052,0.671 ± 0.056,0.653 ± 0.062,0.753 ± 0.042,0.797 ± 0.033,0.683 ± 0.093
XGBClassifier,0.749 ± 0.03,0.757 ± 0.038,0.736 ± 0.029,0.745 ± 0.025,0.669 ± 0.05,0.663 ± 0.05,0.757 ± 0.038,0.749 ± 0.03,0.652 ± 0.048
CatBoost,0.767 ± 0.067,0.752 ± 0.055,0.732 ± 0.049,0.753 ± 0.058,0.659 ± 0.078,0.655 ± 0.077,0.752 ± 0.055,0.767 ± 0.067,0.636 ± 0.085
SMOTEBoost,0.46 ± 0.051,0.425 ± 0.018,0.32 ± 0.061,0.352 ± 0.084,0.236 ± 0.029,0.198 ± 0.015,0.425 ± 0.018,0.46 ± 0.051,0.394 ± 0.071
,,,,,,,,,
Dataset: Heart_Disease,,,,,,,,,
Algorithm,Precision,Recall,F1,G-mean,MMCC,Kappa,Weighted Accuracy,PR Score,Balanced Accuracy
LogitBoost,0.616 ± 0.193,0.64 ± 0.077,0.561 ± 0.11,0.62 ± 0.143,0.361 ± 0.21,0.305 ± 0.188,0.64 ± 0.077,0.616 ± 0.193,0.425 ± 0.163
MEBoost,0.696 ± 0.04,0.556 ± 0.008,0.409 ± 0.016,0.439 ± 0.043,0.14 ± 0.074,0.066 ± 0.042,0.556 ± 0.008,0.696 ± 0.04,0.244 ± 0.041
AdaBoost,0.504 ± 0.122,0.62 ± 0.053,0.522 ± 0.078,0.552 ± 0.098,0.337 ± 0.145,0.28 ± 0.136,0.62 ± 0.053,0.504 ± 0.122,0.398 ± 0.141
RUSBoost,0.556 ± 0.079,0.589 ± 0.005,0.516 ± 0.016,0.52 ± 0.015,0.325 ± 0.021,0.302 ± 0.028,0.589 ± 0.005,0.556 ± 0.079,0.316 ± 0.014
GradientBoostingC,0.528 ± 0.09,0.596 ± 0.036,0.497 ± 0.056,0.542 ± 0.076,0.276 ± 0.114,0.21 ± 0.093,0.596 ± 0.036,0.528 ± 0.09,0.31 ± 0.071
XGBClassifier,0.5 ± 0.033,0.522 ± 0.013,0.509 ± 0.025,0.511 ± 0.023,0.244 ± 0.036,0.243 ± 0.037,0.522 ± 0.013,0.5 ± 0.033,0.263 ± 0.033
CatBoost,0.506 ± 0.02,0.556 ± 0.025,0.524 ± 0.022,0.529 ± 0.021,0.273 ± 0.031,0.268 ± 0.033,0.556 ± 0.025,0.506 ± 0.02,0.291 ± 0.01
SMOTEBoost,0.55 ± 0.014,0.508 ± 0.054,0.514 ± 0.024,0.527 ± 0.029,0.27 ± 0.036,0.262 ± 0.035,0.508 ± 0.054,0.55 ± 0.014,0.3 ± 0.03
,,,,,,,,,
Dataset: Car_Evaluation,,,,,,,,,
Algorithm,Precision,Recall,F1,G-mean,MMCC,Kappa,Weighted Accuracy,PR Score,Balanced Accuracy
LogitBoost,0.906 ± 0.007,0.848 ± 0.004,0.836 ± 0.006,0.857 ± 0.005,0.71 ± 0.009,0.686 ± 0.009,0.848 ± 0.004,0.906 ± 0.007,0.531 ± 0.028
MEBoost,0.85 ± 0.013,0.659 ± 0.048,0.663 ± 0.043,0.71 ± 0.033,0.46 ± 0.055,0.393 ± 0.065,0.659 ± 0.048,0.85 ± 0.013,0.398 ± 0.019
AdaBoost,0.882 ± 0.007,0.876 ± 0.003,0.866 ± 0.004,0.879 ± 0.004,0.737 ± 0.005,0.731 ± 0.005,0.876 ± 0.003,0.882 ± 0.007,0.57 ± 0.026
RUSBoost,0.812 ± 0.002,0.472 ± 0.011,0.479 ± 0.014,0.587 ± 0.009,0.309 ± 0.01,0.216 ± 0.012,0.472 ± 0.011,0.812 ± 0.002,0.339 ± 0.004
GradientBoostingC,0.88 ± 0.003,0.844 ± 0.005,0.818 ± 0.004,0.823 ± 0.003,0.663 ± 0.009,0.654 ± 0.009,0.844 ± 0.005,0.88 ± 0.003,0.448 ± 0.002
XGBClassifier,0.974 ± 0.008,0.974 ± 0.007,0.974 ± 0.008,0.974 ± 0.008,0.943 ± 0.016,0.943 ± 0.016,0.974 ± 0.007,0.974 ± 0.008,0.892 ± 0.043
CatBoost,0.954 ± 0.008,0.954 ± 0.007,0.953 ± 0.008,0.954 ± 0.008,0.899 ± 0.017,0.899 ± 0.017,0.954 ± 0.007,0.954 ± 0.008,0.862 ± 0.028
SMOTEBoost,0.821 ± 0.008,0.795 ± 0.016,0.798 ± 0.008,0.807 ± 0.005,0.585 ± 0.001,0.575 ± 0.006,0.795 ± 0.016,0.821 ± 0.008,0.706 ± 0.026
,,,,,,,,,
Dataset: Thyroid_Disease,,,,,,,,,
Algorithm,Precision,Recall,F1,G-mean,MMCC,Kappa,Weighted Accuracy,PR Score,Balanced Accuracy
LogitBoost,0.953 ± 0.015,0.949 ± 0.017,0.947 ± 0.018,0.951 ± 0.016,0.89 ± 0.037,0.883 ± 0.04,0.949 ± 0.017,0.953 ± 0.015,0.885 ± 0.04
MEBoost,0.859 ± 0.011,0.833 ± 0.011,0.799 ± 0.019,0.846 ± 0.011,0.624 ± 0.03,0.579 ± 0.03,0.833 ± 0.011,0.859 ± 0.011,0.678 ± 0.024
AdaBoost,0.965 ± 0.021,0.963 ± 0.024,0.961 ± 0.025,0.964 ± 0.022,0.92 ± 0.051,0.915 ± 0.055,0.963 ± 0.024,0.965 ± 0.021,0.919 ± 0.054
RUSBoost,0.857 ± 0.007,0.828 ± 0.006,0.766 ± 0.006,0.769 ± 0.007,0.611 ± 0.018,0.55 ± 0.012,0.828 ± 0.006,0.857 ± 0.007,0.615 ± 0.011
GradientBoostingC,0.961 ± 0.01,0.958 ± 0.012,0.957 ± 0.012,0.959 ± 0.011,0.91 ± 0.026,0.905 ± 0.029,0.958 ± 0.012,0.961 ± 0.01,0.91 ± 0.028
XGBClassifier,0.946 ± 0.009,0.944 ± 0.011,0.941 ± 0.013,0.945 ± 0.01,0.88 ± 0.023,0.875 ± 0.028,0.944 ± 0.011,0.946 ± 0.009,0.887 ± 0.037
CatBoost,0.965 ± 0.011,0.963 ± 0.013,0.962 ± 0.014,0.964 ± 0.012,0.92 ± 0.028,0.917 ± 0.031,0.963 ± 0.013,0.965 ± 0.011,0.924 ± 0.037
SMOTEBoost,0.83 ± 0.019,0.795 ± 0.023,0.725 ± 0.022,0.726 ± 0.023,0.531 ± 0.054,0.481 ± 0.044,0.795 ± 0.023,0.83 ± 0.019,0.629 ± 0.019
,,,,,,,,,
Dataset: Yeast,,,,,,,,,
Algorithm,Precision,Recall,F1,G-mean,MMCC,Kappa,Weighted Accuracy,PR Score,Balanced Accuracy
LogitBoost,0.696 ± 0.054,0.528 ± 0.067,0.483 ± 0.089,0.592 ± 0.069,0.434 ± 0.088,0.356 ± 0.098,0.528 ± 0.067,0.696 ± 0.054,0.497 ± 0.134
MEBoost,0.718 ± 0.09,0.323 ± 0.008,0.164 ± 0.012,0.173 ± 0.023,0.09 ± 0.031,0.024 ± 0.018,0.323 ± 0.008,0.718 ± 0.09,0.252 ± 0.055
AdaBoost,0.649 ± 0.039,0.598 ± 0.035,0.582 ± 0.039,0.611 ± 0.037,0.486 ± 0.049,0.466 ± 0.049,0.598 ± 0.035,0.649 ± 0.039,0.534 ± 0.071
RUSBoost,0.714 ± 0.03,0.404 ± 0.007,0.256 ± 0.006,0.26 ± 0.006,0.267 ± 0.013,0.191 ± 0.011,0.404 ± 0.007,0.714 ± 0.03,0.216 ± 0.028
GradientBoostingC,0.658 ± 0.043,0.585 ± 0.04,0.566 ± 0.045,0.607 ± 0.043,0.466 ± 0.057,0.442 ± 0.056,0.585 ± 0.04,0.658 ± 0.043,0.468 ± 0.081
XGBClassifier,0.569 ± 0.015,0.574 ± 0.015,0.567 ± 0.017,0.571 ± 0.016,0.446 ± 0.022,0.446 ± 0.023,0.574 ± 0.015,0.569 ± 0.015,0.501 ± 0.064
CatBoost,0.581 ± 0.03,0.584 ± 0.028,0.573 ± 0.028,0.577 ± 0.026,0.459 ± 0.038,0.458 ± 0.038,0.584 ± 0.028,0.581 ± 0.03,0.478 ± 0.05
SMOTEBoost,0.417 ± 0.017,0.435 ± 0.006,0.317 ± 0.042,0.335 ± 0.052,0.309 ± 0.006,0.245 ± 0.022,0.435 ± 0.006,0.417 ± 0.017,0.324 ± 0.031
,,,,,,,,,
Dataset: Statlog_Shuttle,,,,,,,,,
Algorithm,Precision,Recall,F1,G-mean,MMCC,Kappa,Weighted Accuracy,PR Score,Balanced Accuracy
LogitBoost,0.994 ± 0.001,0.994 ± 0.001,0.993 ± 0.001,0.994 ± 0.001,0.984 ± 0.002,0.984 ± 0.002,0.994 ± 0.001,0.994 ± 0.001,0.568 ± 0.073
MEBoost,0.869 ± 0.0,0.842 ± 0.0,0.771 ± 0.0,0.771 ± 0.0,0.501 ± 0.0,0.382 ± 0.0,0.842 ± 0.0,0.869 ± 0.0,0.286 ± 0.0
AdaBoost,0.995 ± 0.0,0.996 ± 0.0,0.993 ± 0.0,0.993 ± 0.0,0.987 ± 0.0,0.987 ± 0.0,0.996 ± 0.0,0.995 ± 0.0,0.46 ± 0.045
RUSBoost,0.905 ± 0.001,0.735 ± 0.004,0.766 ± 0.002,0.788 ± 0.002,0.49 ± 0.006,0.446 ± 0.006,0.735 ± 0.004,0.905 ± 0.001,0.37 ± 0.008
GradientBoostingC,0.995 ± 0.0,0.995 ± 0.0,0.992 ± 0.0,0.992 ± 0.0,0.985 ± 0.001,0.985 ± 0.001,0.995 ± 0.0,0.995 ± 0.0,0.427 ± 0.0
XGBClassifier,0.998 ± 0.0,0.998 ± 0.0,0.998 ± 0.0,0.998 ± 0.0,0.995 ± 0.0,0.995 ± 0.0,0.998 ± 0.0,0.998 ± 0.0,0.723 ± 0.058
CatBoost,0.998 ± 0.0,0.998 ± 0.0,0.997 ± 0.0,0.998 ± 0.0,0.994 ± 0.001,0.994 ± 0.001,0.998 ± 0.0,0.998 ± 0.0,0.616 ± 0.011
SMOTEBoost,0.906 ± 0.026,0.743 ± 0.09,0.79 ± 0.043,0.795 ± 0.042,0.448 ± 0.059,0.424 ± 0.079,0.743 ± 0.09,0.906 ± 0.026,0.343 ± 0.085
,,,,,,,,,
Dataset: Covertype,,,,,,,,,
Algorithm,Precision,Recall,F1,G-mean,MMCC,Kappa,Weighted Accuracy,PR Score,Balanced Accuracy
LogitBoost,0.722 ± 0.002,0.559 ± 0.014,0.525 ± 0.019,0.63 ± 0.01,0.36 ± 0.016,0.284 ± 0.021,0.559 ± 0.014,0.722 ± 0.002,0.303 ± 0.01
MEBoost,0.714 ± 0.031,0.393 ± 0.02,0.256 ± 0.042,0.405 ± 0.131,0.106 ± 0.062,0.04 ± 0.028,0.393 ± 0.02,0.714 ± 0.031,0.156 ± 0.008
AdaBoost,0.686 ± 0.002,0.663 ± 0.001,0.638 ± 0.001,0.651 ± 0.001,0.437 ± 0.0,0.432 ± 0.001,0.663 ± 0.001,0.686 ± 0.002,0.348 ± 0.003
RUSBoost,0.677 ± 0.001,0.618 ± 0.001,0.568 ± 0.001,0.57 ± 0.001,0.342 ± 0.001,0.333 ± 0.001,0.618 ± 0.001,0.677 ± 0.001,0.21 ± 0.0
GradientBoostingC,0.695 ± 0.015,0.69 ± 0.002,0.663 ± 0.001,0.672 ± 0.001,0.48 ± 0.002,0.477 ± 0.002,0.69 ± 0.002,0.695 ± 0.015,0.325 ± 0.001
XGBClassifier,0.871 ± 0.0,0.871 ± 0.0,0.87 ± 0.0,0.871 ± 0.0,0.791 ± 0.001,0.791 ± 0.001,0.871 ± 0.0,0.871 ± 0.0,0.829 ± 0.002
CatBoost,0.805 ± 0.002,0.807 ± 0.002,0.804 ± 0.002,0.806 ± 0.002,0.686 ± 0.003,0.685 ± 0.003,0.807 ± 0.002,0.805 ± 0.002,0.681 ± 0.01
SMOTEBoost,0.655 ± 0.014,0.57 ± 0.032,0.588 ± 0.02,0.602 ± 0.023,0.347 ± 0.027,0.343 ± 0.028,0.57 ± 0.032,0.655 ± 0.014,0.411 ± 0.007
